PMID,Title,Authors,Citation,First Author,Journal/Book,Publication Year,Create Date,PMCID,NIHMS ID,DOI
"35606622","Life style and Parkinson's disease","Reichmann H, Csoti I, Koschel J, Lorenzl S, Schrader C, Winkler J, Wüllner U.","J Neural Transm (Vienna). 2022 Sep;129(9):1235-1245. doi: 10.1007/s00702-022-02509-1. Epub 2022 May 23.","Reichmann H","J Neural Transm (Vienna)","2022","2022/05/23","PMC9463300","","10.1007/s00702-022-02509-1"
"40338549","Proximity to Golf Courses and Risk of Parkinson Disease","Krzyzanowski B, Mullan AF, Dorsey ER, Chirag SS, Turcano P, Camerucci E, Bower JH, Savica R.","JAMA Netw Open. 2025 May 1;8(5):e259198. doi: 10.1001/jamanetworkopen.2025.9198.","Krzyzanowski B","JAMA Netw Open","2025","2025/05/08","PMC12062912","","10.1001/jamanetworkopen.2025.9198"
"41032741","Trichloroethylene and Parkinson Disease","Dorsey ER, Tanner CM.","Neurology. 2025 Oct 21;105(8):e214245. doi: 10.1212/WNL.0000000000214245. Epub 2025 Oct 1.","Dorsey ER","Neurology","2025","2025/10/01","","","10.1212/WNL.0000000000214245"
"38115046","Untargeted serum metabolomics reveals novel metabolite associations and disruptions in amino acid and lipid metabolism in Parkinson's disease","Paul KC, Zhang K, Walker DI, Sinsheimer J, Yu Y, Kusters C, Del Rosario I, Folle AD, Keener AM, Bronstein J, Jones DP, Ritz B.","Mol Neurodegener. 2023 Dec 19;18(1):100. doi: 10.1186/s13024-023-00694-5.","Paul KC","Mol Neurodegener","2023","2023/12/20","PMC10731845","","10.1186/s13024-023-00694-5"
"39283636","Air Pollution and Parkinson Disease in a Population-Based Study","Krzyzanowski B, Mullan AF, Turcano P, Camerucci E, Bower JH, Savica R.","JAMA Netw Open. 2024 Sep 3;7(9):e2433602. doi: 10.1001/jamanetworkopen.2024.33602.","Krzyzanowski B","JAMA Netw Open","2024","2024/09/16","PMC11406396","","10.1001/jamanetworkopen.2024.33602"
"38457975","Causal association between long-term exposure to air pollution and incident Parkinson's disease","Ai B, Zhang J, Zhang S, Chen G, Tian F, Chen L, Li H, Guo Y, Jerath A, Lin H, Zhang Z.","J Hazard Mater. 2024 May 5;469:133944. doi: 10.1016/j.jhazmat.2024.133944. Epub 2024 Mar 2.","Ai B","J Hazard Mater","2024","2024/03/08","","","10.1016/j.jhazmat.2024.133944"
"38685425","Literature review and meta-analysis of environmental toxins associated with increased risk of Parkinson's disease","Aravindan A, Newell ME, Halden RU.","Sci Total Environ. 2024 Jun 25;931:172838. doi: 10.1016/j.scitotenv.2024.172838. Epub 2024 Apr 27.","Aravindan A","Sci Total Environ","2024","2024/04/30","","","10.1016/j.scitotenv.2024.172838"
"36717481","SARS-COV-2 infection and Parkinson's disease: Possible links and perspectives","Al-Kuraishy HM, Al-Gareeb AI, Kaushik A, Kujawska M, Ahmed EA, Batiha GE.","J Neurosci Res. 2023 Jun;101(6):952-975. doi: 10.1002/jnr.25171. Epub 2023 Jan 30.","Al-Kuraishy HM","J Neurosci Res","2023","2023/01/30","","","10.1002/jnr.25171"
"37744289","Mercury and Parkinson's Disease: Promising Leads, but Research Is Needed","Torrey EF, Simmons W.","Parkinsons Dis. 2023 Sep 16;2023:4709322. doi: 10.1155/2023/4709322. eCollection 2023.","Torrey EF","Parkinsons Dis","2023","2023/09/25","PMC10517869","","10.1155/2023/4709322"
"31894453","Effect of long-term particulate matter exposure on Parkinson's risk","Wang Y, Liu Y, Yan H.","Environ Geochem Health. 2020 Jul;42(7):2265-2275. doi: 10.1007/s10653-019-00484-3. Epub 2020 Jan 1.","Wang Y","Environ Geochem Health","2020","2020/01/03","","","10.1007/s10653-019-00484-3"
"40614023","Trichloroethylene Exposure and Parkinson's Disease: Environmental Risk, Metabolic Pathways, and Mechanistic Insights","Liu R, Zhang F, Lou J, Song F.","Mol Neurobiol. 2025 Dec;62(12):15336-15348. doi: 10.1007/s12035-025-05172-1. Epub 2025 Jul 4.","Liu R","Mol Neurobiol","2025","2025/07/04","","","10.1007/s12035-025-05172-1"
"39701424","Smoking, coffee intake, and Parkinson's disease: Potential protective mechanisms and components","Hong SW, Page R, Truman P.","Neurotoxicology. 2025 Jan;106:48-63. doi: 10.1016/j.neuro.2024.12.003. Epub 2024 Dec 17.","Hong SW","Neurotoxicology","2025","2024/12/19","","","10.1016/j.neuro.2024.12.003"
"36607363","Striatal Dopaminergic Loss and Dysphagia in Parkinson Disease","Kim JH, Jeon J, Lee Y, Kim SM, Cheon M, Kim JY.","Clin Nucl Med. 2023 Feb 1;48(2):143-149. doi: 10.1097/RLU.0000000000004501. Epub 2022 Dec 7.","Kim JH","Clin Nucl Med","2023","2023/01/06","PMC9835674","","10.1097/RLU.0000000000004501"
"37924067","Different types of screen time, physical activity, and incident dementia, Parkinson's disease, depression and multimorbidity status","Wu H, Gu Y, Du W, Meng G, Wu H, Zhang S, Wang X, Zhang J, Wang Y, Huang T, Niu K.","Int J Behav Nutr Phys Act. 2023 Nov 3;20(1):130. doi: 10.1186/s12966-023-01531-0.","Wu H","Int J Behav Nutr Phys Act","2023","2023/11/04","PMC10625186","","10.1186/s12966-023-01531-0"
"36232110","Association between Backward Walking and Cognition in Parkinson Disease: A Systematic Review","Correno MB, Hansen C, Chardon M, Milane T, Bianchini E, Vuillerme N.","Int J Environ Res Public Health. 2022 Oct 6;19(19):12810. doi: 10.3390/ijerph191912810.","Correno MB","Int J Environ Res Public Health","2022","2022/10/14","PMC9566137","","10.3390/ijerph191912810"
"35723116","Infections and Changes in Commensal Bacteria and the Pathogenesis of Parkinson's Disease","Shannon KM.","J Parkinsons Dis. 2022;12(s1):S45-S51. doi: 10.3233/JPD-223271.","Shannon KM","J Parkinsons Dis","2022","2022/06/20","PMC9535579","","10.3233/JPD-223271"
"40527812","Interrelationship between PQ exposure and Parkinson disease: A systematic review and meta-analysis","Ba RQ, Fan XJ, Fan HJ, Du K, Ma X, Wen Y, Liu MW.","Medicine (Baltimore). 2025 Jun 13;104(24):e42796. doi: 10.1097/MD.0000000000042796.","Ba RQ","Medicine (Baltimore)","2025","2025/06/17","PMC12173288","","10.1097/MD.0000000000042796"
"41377218","Gut-brain axis and Parkinson's disease: navigating the microbial enigma","Jaffer MS, Sohail S, Ahmed N, Ashraf A, Shenawa E.","Ann Med Surg (Lond). 2025 Oct 17;87(12):9109-9110. doi: 10.1097/MS9.0000000000004132. eCollection 2025 Dec.","Jaffer MS","Ann Med Surg (Lond)","2025","2025/12/11","PMC12689100","","10.1097/MS9.0000000000004132"
"39685702","Alpha-Synuclein and Microglia in Parkinson's Disease: From Pathogenesis to Therapeutic Prospects","Eo H, Kim S, Jung UJ, Kim SR.","J Clin Med. 2024 Nov 28;13(23):7243. doi: 10.3390/jcm13237243.","Eo H","J Clin Med","2024","2024/12/17","PMC11642439","","10.3390/jcm13237243"
"41586427","Gut-Brain Axis: The Role of Gastrointestinal Issues in Parkinson's Disease","Armas C, Kaufman P.","Integr Med (Encinitas). 2025 Dec;24(6):20-27.","Armas C","Integr Med (Encinitas)","2025","2026/01/26","PMC12825857","",""
"39520734","Environmental and occupational exposure to organochlorine pesticides associated with Parkinson's disease risk: A systematic review and meta-analysis based on epidemiological evidence","Xu Y, Su Y, Cai S, Yao Y, Chen X.","Public Health. 2024 Dec;237:374-386. doi: 10.1016/j.puhe.2024.10.035. Epub 2024 Nov 9.","Xu Y","Public Health","2024","2024/11/09","","","10.1016/j.puhe.2024.10.035"
"37184845","The Water, the Air, the Marines-Camp Lejeune, Trichloroethylene, and Parkinson Disease","Dorsey ER, Greenamyre JT, Willis AW.","JAMA Neurol. 2023 Jul 1;80(7):663-665. doi: 10.1001/jamaneurol.2023.1174.","Dorsey ER","JAMA Neurol","2023","2023/05/15","","","10.1001/jamaneurol.2023.1174"
"35155833","People with Parkinson's disease and housing issues: A scoping review","Iwarsson S, Andersson N, Slaug B, Nilsson MH.","Health Sci Rep. 2022 Feb 9;5(2):e511. doi: 10.1002/hsr2.511. eCollection 2022 Mar.","Iwarsson S","Health Sci Rep","2022","2022/02/14","PMC8827270","","10.1002/hsr2.511"
"33951636","Epidemiology of Parkinson's Disease in Rural Gujarat, India","Je G, Arora S, Raithatha S, Barrette R, Valizadeh N, Shah U, Desai D, Deb A, Desai S.","Neuroepidemiology. 2021;55(3):188-195. doi: 10.1159/000515030. Epub 2021 May 5.","Je G","Neuroepidemiology","2021","2021/05/05","","","10.1159/000515030"
"37903644","Fine Particulate Matter and Parkinson Disease Risk Among Medicare Beneficiaries","Krzyzanowski B, Searles Nielsen S, Turner JR, Racette BA.","Neurology. 2023 Nov 21;101(21):e2058-e2067. doi: 10.1212/WNL.0000000000207871. Epub 2023 Oct 30.","Krzyzanowski B","Neurology","2023","2023/10/30","PMC10663024","","10.1212/WNL.0000000000207871"
"40506444","Longitudinal assessment of the association between pesticide exposure and lifestyle with Parkinson's disease motor severity","Lüth T, Caliebe A, Gabbert C, Sendel S, Laabs BH, König IR, Klein C, Trinh J.","NPJ Parkinsons Dis. 2025 Jun 12;11(1):164. doi: 10.1038/s41531-025-01010-2.","Lüth T","NPJ Parkinsons Dis","2025","2025/06/12","PMC12162858","","10.1038/s41531-025-01010-2"
"35145396","Magnetic Resonance Imaging Markers for Cognitive Impairment in Parkinson's Disease: Current View","Hou Y, Shang H.","Front Aging Neurosci. 2022 Jan 25;14:788846. doi: 10.3389/fnagi.2022.788846. eCollection 2022.","Hou Y","Front Aging Neurosci","2022","2022/02/11","PMC8821910","","10.3389/fnagi.2022.788846"
"35262433","Is ambient air pollution a risk factor for Parkinson's disease? A meta-analysis of epidemiological evidence","Dhiman V, Trushna T, Raj D, Tiwari RR.","Int J Environ Health Res. 2023 Aug;33(8):733-750. doi: 10.1080/09603123.2022.2047903. Epub 2022 Mar 9.","Dhiman V","Int J Environ Health Res","2023","2022/03/09","","","10.1080/09603123.2022.2047903"
"39880740","Filipinos and Parkinson's disease: A scoping review of the literature","Krening E, Dy Closas AMF, Yu JRT, Seto TB, Terpak L, Bruno MK.","Parkinsonism Relat Disord. 2025 Mar;132:107271. doi: 10.1016/j.parkreldis.2025.107271. Epub 2025 Jan 13.","Krening E","Parkinsonism Relat Disord","2025","2025/01/29","","","10.1016/j.parkreldis.2025.107271"
"33250846","Technology-Enabled Care: Integrating Multidisciplinary Care in Parkinson's Disease Through Digital Technology","Luis-Martínez R, Monje MHG, Antonini A, Sánchez-Ferro Á, Mestre TA.","Front Neurol. 2020 Oct 30;11:575975. doi: 10.3389/fneur.2020.575975. eCollection 2020.","Luis-Martínez R","Front Neurol","2020","2020/11/30","PMC7673441","","10.3389/fneur.2020.575975"
"36673709","Comparing Backward Walking Performance in Parkinson's Disease with and without Freezing of Gait-A Systematic Review","Milane T, Hansen C, Chardon M, Bianchini E, Vuillerme N.","Int J Environ Res Public Health. 2023 Jan 4;20(2):953. doi: 10.3390/ijerph20020953.","Milane T","Int J Environ Res Public Health","2023","2023/01/21","PMC9859157","","10.3390/ijerph20020953"
"33395012","Extrinsic and Behavioral Fall Risk Factors in People With Parkinson's Disease: An Integrative Review","Kuljeerung O, Lach HW.","Rehabil Nurs. 2021 Jan-Feb 01;46(1):3-10. doi: 10.1097/rnj.0000000000000265.","Kuljeerung O","Rehabil Nurs","2021","2021/01/04","","","10.1097/rnj.0000000000000265"
"34639343","Assessment of Force Production in Parkinson's Disease Subtypes","Pelicioni PHS, Pereira MP, Lahr J, Dos Santos PCR, Gobbi LTB.","Int J Environ Res Public Health. 2021 Sep 24;18(19):10044. doi: 10.3390/ijerph181910044.","Pelicioni PHS","Int J Environ Res Public Health","2021","2021/10/13","PMC8507744","","10.3390/ijerph181910044"
"38992186","Digital biomarkers for non-motor symptoms in Parkinson's disease: the state of the art","Janssen Daalen JM, van den Bergh R, Prins EM, Moghadam MSC, van den Heuvel R, Veen J, Mathur S, Meijerink H, Mirelman A, Darweesh SKL, Evers LJW, Bloem BR.","NPJ Digit Med. 2024 Jul 11;7(1):186. doi: 10.1038/s41746-024-01144-2.","Janssen Daalen JM","NPJ Digit Med","2024","2024/07/11","PMC11239921","","10.1038/s41746-024-01144-2"
"35013326","Functional connectivity in Parkinson's disease candidates for deep brain stimulation","Albano L, Agosta F, Basaia S, Cividini C, Stojkovic T, Sarasso E, Stankovic I, Tomic A, Markovic V, Stefanova E, Mortini P, Kostic VS, Filippi M.","NPJ Parkinsons Dis. 2022 Jan 10;8(1):4. doi: 10.1038/s41531-021-00268-6.","Albano L","NPJ Parkinsons Dis","2022","2022/01/11","PMC8748462","","10.1038/s41531-021-00268-6"
"40270951","Gluten and its relationship with inflammation and Parkinson's Disease: A literature review","Muttalib Z, Aboukhalil D, Nwosu C, Manguerra DD Jr, Wen J, Ansari U, Alam M, Abed I, Tabaie E, Salem A, Lui F.","AIMS Neurosci. 2025 Mar 31;12(1):44-57. doi: 10.3934/Neuroscience.2025004. eCollection 2025.","Muttalib Z","AIMS Neurosci","2025","2025/04/24","PMC12011982","","10.3934/Neuroscience.2025004"
"38187152","Triggers for freezing of gait in individuals with Parkinson's disease: a systematic review","Conde CI, Lang C, Baumann CR, Easthope CA, Taylor WR, Ravi DK.","Front Neurol. 2023 Dec 21;14:1326300. doi: 10.3389/fneur.2023.1326300. eCollection 2023.","Conde CI","Front Neurol","2023","2024/01/08","PMC10771308","","10.3389/fneur.2023.1326300"
"40909010","Identifying subtypes of longitudinal motor symptom severity trajectories in early Parkinson's disease patients","Xu X, Zhang S, Xu C, Zhang W, Zhao H, Liu Y, Zhai S, Zu J, Li Z, Xiao L.","Front Neurol. 2025 Aug 20;16:1597132. doi: 10.3389/fneur.2025.1597132. eCollection 2025.","Xu X","Front Neurol","2025","2025/09/05","PMC12404927","","10.3389/fneur.2025.1597132"
"34722604","Parkinson's Disease Risk and Alcohol Intake: A Systematic Review and Dose-Response Meta-Analysis of Prospective Studies","Shao C, Wang X, Wang P, Tang H, He J, Wu N.","Front Nutr. 2021 Oct 14;8:709846. doi: 10.3389/fnut.2021.709846. eCollection 2021.","Shao C","Front Nutr","2021","2021/11/01","PMC8551485","","10.3389/fnut.2021.709846"
"37200442","Solvent exposure strongly linked to Parkinson's","Wadman M.","Science. 2023 May 19;380(6646):683. doi: 10.1126/science.adi7660. Epub 2023 May 18.","Wadman M","Science","2023","2023/05/18","","","10.1126/science.adi7660"
"35849689","Yerbamate Tea Consumption: A Protective Factor in Parkinson Disease","Sáenz-Farret M, Salinas-Martínez AM, Zúñiga-Ramírez C, Amorín-Costábile I, Maiola R, Mejía-Rojas KK, Galeano MS, Velázquez C, Ruiz G, Micheli F.","Clin Neuropharmacol. 2022 Jul-Aug 01;45(4):79-83. doi: 10.1097/WNF.0000000000000513. Epub 2022 Jun 24.","Sáenz-Farret M","Clin Neuropharmacol","2022","2022/07/18","","","10.1097/WNF.0000000000000513"
"37864700","Association between blood selenium with parkinson's disease in the US (NHANES 2011-2020)","Zeng Z, Cen Y, Luo X.","Environ Sci Pollut Res Int. 2023 Nov;30(55):117349-117359. doi: 10.1007/s11356-023-30337-7. Epub 2023 Oct 21.","Zeng Z","Environ Sci Pollut Res Int","2023","2023/10/21","","","10.1007/s11356-023-30337-7"
"34149364","Neurotrophic Factors in Parkinson's Disease: Clinical Trials, Open Challenges and Nanoparticle-Mediated Delivery to the Brain","Bondarenko O, Saarma M.","Front Cell Neurosci. 2021 Jun 2;15:682597. doi: 10.3389/fncel.2021.682597. eCollection 2021.","Bondarenko O","Front Cell Neurosci","2021","2021/06/21","PMC8206542","","10.3389/fncel.2021.682597"
"37529404","Adaptation strategies and neurophysiological response in early-stage Parkinson's disease: BioVRSea approach","Jacob D, Guerrini L, Pescaglia F, Pierucci S, Gelormini C, Minutolo V, Fratini A, Di Lorenzo G, Petersen H, Gargiulo P.","Front Hum Neurosci. 2023 Jul 17;17:1197142. doi: 10.3389/fnhum.2023.1197142. eCollection 2023.","Jacob D","Front Hum Neurosci","2023","2023/08/02","PMC10389765","","10.3389/fnhum.2023.1197142"
"35000220","Oral health-related quality of life in patients with Parkinson's disease","Verhoeff MC, Lobbezoo F, van Leeuwen AM, Schuller AA, Koutris M.","J Oral Rehabil. 2022 Apr;49(4):398-406. doi: 10.1111/joor.13304. Epub 2022 Jan 17.","Verhoeff MC","J Oral Rehabil","2022","2022/01/09","PMC9306816","","10.1111/joor.13304"
"38029483","Determinants of patient-reported functional mobility in people with Parkinson's disease: A systematic review","Hanff AM, Pauly C, Pauly L, Rauschenberger A, Leist AK, Krüger R, Zeegers MP, McCrum C; NCER-PD consortium.","Gait Posture. 2024 Feb;108:97-109. doi: 10.1016/j.gaitpost.2023.11.013. Epub 2023 Nov 23.","Hanff AM","Gait Posture","2024","2023/11/29","","","10.1016/j.gaitpost.2023.11.013"
"40325043","New insights into pathogenisis and therapies of P2X7R in Parkinson's disease","Wei S, Song X, Mou Y, Yang T, Wang Y, Wang H, Ren C, Song X.","NPJ Parkinsons Dis. 2025 May 5;11(1):108. doi: 10.1038/s41531-025-00980-7.","Wei S","NPJ Parkinsons Dis","2025","2025/05/05","PMC12053563","","10.1038/s41531-025-00980-7"
"36388198","Facial muscle movements in patients with Parkinson's disease undergoing phonation tests","Xu F, Zou XW, Yang LQ, Mo SC, Guo QH, Zhang J, Weng X, Xing GG.","Front Neurol. 2022 Oct 31;13:1018362. doi: 10.3389/fneur.2022.1018362. eCollection 2022.","Xu F","Front Neurol","2022","2022/11/17","PMC9659598","","10.3389/fneur.2022.1018362"
"36825046","Predictors of Falls with Injuries in People with Parkinson's Disease","Castro IPR, Valença GT, Pinto EB, Cavalcanti HM, Oliveira-Filho J, Almeida LRS.","Mov Disord Clin Pract. 2022 Dec 25;10(2):258-268. doi: 10.1002/mdc3.13636. eCollection 2023 Feb.","Castro IPR","Mov Disord Clin Pract","2022","2023/02/24","PMC9941941","","10.1002/mdc3.13636"
"34259840","Revisiting the Association Between Inflammatory Bowel Disease and Parkinson's Disease","Coates MD, Ba DM, Liu G, Dalessio S, Leslie DL, Huang X.","Inflamm Bowel Dis. 2022 Jun 3;28(6):850-854. doi: 10.1093/ibd/izab175.","Coates MD","Inflamm Bowel Dis","2022","2021/07/14","","","10.1093/ibd/izab175"
"32458190","Altered white matter microarchitecture in Parkinson's disease: a voxel-based meta-analysis of diffusion tensor imaging studies","Suo X, Lei D, Li W, Li L, Dai J, Wang S, Li N, Cheng L, Peng R, Kemp GJ, Gong Q.","Front Med. 2021 Feb;15(1):125-138. doi: 10.1007/s11684-019-0725-5. Epub 2020 May 26.","Suo X","Front Med","2021","2020/05/28","","","10.1007/s11684-019-0725-5"
"37988678","Nanoplastic Stimulates the Amyloidogenesis of Parkinson's Alpha-Synuclein NACore","Liang X, Andrikopoulos N, Tang H, Wang Y, Ding F, Ke PC.","Small. 2024 Apr;20(14):e2308753. doi: 10.1002/smll.202308753. Epub 2023 Nov 21.","Liang X","Small","2024","2023/11/21","PMC10994764","NIHMS1947102","10.1002/smll.202308753"
"37670567","Dopamine Transporter Availability in Early Parkinson's Disease is Dependent on Sunlight Exposure","Booij J, Tellier SP, Seibyl J, Vriend C.","Mov Disord. 2023 Nov;38(11):2131-2135. doi: 10.1002/mds.29597. Epub 2023 Sep 5.","Booij J","Mov Disord","2023","2023/09/06","","","10.1002/mds.29597"
"38309714","Agricultural paraquat dichloride use and Parkinson's disease in California's Central Valley","Paul KC, Cockburn M, Gong Y, Bronstein J, Ritz B.","Int J Epidemiol. 2024 Feb 1;53(1):dyae004. doi: 10.1093/ije/dyae004.","Paul KC","Int J Epidemiol","2024","2024/02/03","PMC11491592","","10.1093/ije/dyae004"
"40335495","Prominent role of PM10 in the link between air pollution and incident Parkinson's Disease","Gialluisi A, Costanzo S, De Bartolo MI, Veronesi G, Renzi M, Cembalo A, Tirozzi A, Falciglia S, Ricci M, Bonanni A, Martone F, Zazzaro G, Pepe A, Belvisi D, Ferrario MM, Gianfagna F, Cerletti C, Donati MB, Massari S, Berardelli A, de Gaetano G, Iacoviello L.","NPJ Parkinsons Dis. 2025 May 7;11(1):101. doi: 10.1038/s41531-025-00935-y.","Gialluisi A","NPJ Parkinsons Dis","2025","2025/05/07","PMC12059118","","10.1038/s41531-025-00935-y"
"40467640","Effects of virtual reality on spatiotemporal gait parameters and freezing of gait in Parkinson's disease","Ma L, Yosef B, Talu I, Batista D, Jenkens-Drake E, Suthana N, Cross KA.","NPJ Parkinsons Dis. 2025 Jun 4;11(1):148. doi: 10.1038/s41531-025-01017-9.","Ma L","NPJ Parkinsons Dis","2025","2025/06/04","PMC12137916","","10.1038/s41531-025-01017-9"
"33559921","The well-being and burden of caregiving for patients with Parkinson's disease","Vescovelli F, Ruini C.","Scand J Caring Sci. 2022 Mar;36(1):49-58. doi: 10.1111/scs.12962. Epub 2021 Feb 9.","Vescovelli F","Scand J Caring Sci","2022","2021/02/09","","","10.1111/scs.12962"
"32415005","Effectiveness of QSM over R2* in assessment of parkinson's disease - A systematic review","Saikiran P; Priyanka.","Neurol India. 2020 Mar-Apr;68(2):278-281. doi: 10.4103/0028-3886.284377.","Saikiran P","Neurol India","2020","2020/05/17","","","10.4103/0028-3886.284377"
"33946205","Kinesiophobia Levels in Patients with Parkinson's Disease: A Case-Control Investigation","Jiménez-Cebrián AM, Becerro-de-Bengoa-Vallejo R, Losa-Iglesias ME, de Labra C, Calvo-Lobo C, Palomo-López P, Martínez-Jiménez EM, Navarro-Flores E.","Int J Environ Res Public Health. 2021 Apr 30;18(9):4791. doi: 10.3390/ijerph18094791.","Jiménez-Cebrián AM","Int J Environ Res Public Health","2021","2021/05/05","PMC8124702","","10.3390/ijerph18094791"
"37781140","Predicting longitudinal brain atrophy in Parkinson's disease using a Susceptible-Infected-Removed agent-based model","Abdelgawad A, Rahayel S, Zheng YQ, Tremblay C, Vo A, Misic B, Dagher A.","Netw Neurosci. 2023 Oct 1;7(3):906-925. doi: 10.1162/netn_a_00296. eCollection 2023.","Abdelgawad A","Netw Neurosci","2023","2023/10/02","PMC10473281","","10.1162/netn_a_00296"
"40459174","Plastamination: A Rising Concern for Parkinson's Disease","Erro R, Sorrentino C, Barone P.","Mov Disord. 2025 Aug;40(8):1528-1533. doi: 10.1002/mds.30253. Epub 2025 Jun 3.","Erro R","Mov Disord","2025","2025/06/03","PMC12371614","","10.1002/mds.30253"
"32426240","Organochlorine pesticide levels in Greek patients with Parkinson's disease","Dardiotis E, Aloizou AM, Sakalakis E, Siokas V, Koureas M, Xiromerisiou G, Petinaki E, Wilks M, Tsatsakis A, Hadjichristodoulou C, Stefanis L, Hadjigeorgiou GM.","Toxicol Rep. 2020 Apr 8;7:596-601. doi: 10.1016/j.toxrep.2020.03.011. eCollection 2020.","Dardiotis E","Toxicol Rep","2020","2020/05/20","PMC7225589","","10.1016/j.toxrep.2020.03.011"
"37354828","History of high household pesticide use and Parkinson's disease in Brazil","Moura DD, Borges V, Ferraz HB, Schuh AFS, de Mello Rieder CR, Mata IF, Brito MMCM, Tumas V, Santos-Lobato BL.","Parkinsonism Relat Disord. 2023 Aug;113:105493. doi: 10.1016/j.parkreldis.2023.105493. Epub 2023 Jun 19.","Moura DD","Parkinsonism Relat Disord","2023","2023/06/24","","","10.1016/j.parkreldis.2023.105493"
"36379944","MRI biomarkers of freezing of gait development in Parkinson's disease","Sarasso E, Basaia S, Cividini C, Stojkovic T, Stankovic I, Piramide N, Tomic A, Markovic V, Stefanova E, Kostic VS, Filippi M, Agosta F.","NPJ Parkinsons Dis. 2022 Nov 15;8(1):158. doi: 10.1038/s41531-022-00426-4.","Sarasso E","NPJ Parkinsons Dis","2022","2022/11/15","PMC9666554","","10.1038/s41531-022-00426-4"
"38656628","Duration, numerosity and length processing in healthy ageing and Parkinson's disease","Romeo Z, Dolfi S, D'Amelio M, Mioni G.","Eur J Ageing. 2024 Apr 24;21(1):14. doi: 10.1007/s10433-024-00807-z.","Romeo Z","Eur J Ageing","2024","2024/04/24","PMC11043296","","10.1007/s10433-024-00807-z"
"34276331","Neuro4PD: An Initial Neurorobotics Model of Parkinson's Disease","Pimentel JM, Moioli RC, de Araujo MFP, Ranieri CM, Romero RAF, Broz F, Vargas PA.","Front Neurorobot. 2021 Jul 1;15:640449. doi: 10.3389/fnbot.2021.640449. eCollection 2021.","Pimentel JM","Front Neurorobot","2021","2021/07/19","PMC8283825","","10.3389/fnbot.2021.640449"
"40404728","Systematic review of wearables assessing medication effect on motor function and symptoms in Parkinson's disease","Packer E, Debelle H, Bailey HGB, Rehman RZU, Yarnall AJ, Rochester L, Alcock L, Del Din S.","NPJ Parkinsons Dis. 2025 May 22;11(1):135. doi: 10.1038/s41531-025-00943-y.","Packer E","NPJ Parkinsons Dis","2025","2025/05/22","PMC12098882","","10.1038/s41531-025-00943-y"
"32174883","Cerebellar Contribution to Motor and Non-motor Functions in Parkinson's Disease: A Meta-Analysis of fMRI Findings","Solstrand Dahlberg L, Lungu O, Doyon J.","Front Neurol. 2020 Feb 27;11:127. doi: 10.3389/fneur.2020.00127. eCollection 2020.","Solstrand Dahlberg L","Front Neurol","2020","2020/03/17","PMC7056869","","10.3389/fneur.2020.00127"
"32927800","Milk and Fermented Milk Intake and Parkinson's Disease: Cohort Study","Olsson E, Byberg L, Höijer J, Kilander L, Larsson SC.","Nutrients. 2020 Sep 10;12(9):2763. doi: 10.3390/nu12092763.","Olsson E","Nutrients","2020","2020/09/15","PMC7551962","","10.3390/nu12092763"
"37006327","Association between hearing sensitivity and dopamine transporter availability in Parkinson's disease","Garasto E, Stefani A, Pierantozzi M, Cerroni R, Conti M, Maranesi S, Mercuri NB, Chiaravalloti A, Schillaci O, Viziano A, Moleti A, Sisto R.","Brain Commun. 2023 Mar 21;5(2):fcad075. doi: 10.1093/braincomms/fcad075. eCollection 2023.","Garasto E","Brain Commun","2023","2023/04/03","PMC10065189","","10.1093/braincomms/fcad075"
"38174101","Luxembourg Parkinson's study -comprehensive baseline analysis of Parkinson's disease and atypical parkinsonism","Pavelka L, Rawal R, Ghosh S, Pauly C, Pauly L, Hanff AM, Kolber PL, Jónsdóttir SR, Mcintyre D, Azaiz K, Thiry E, Vilasboas L, Soboleva E, Giraitis M, Tsurkalenko O, Sapienza S, Diederich N, Klucken J, Glaab E, Aguayo GA, Jubal ER, Perquin M, Vaillant M, May P, Gantenbein M, Satagopam VP, Krüger R; NCER-PD Consortium.","Front Neurol. 2023 Dec 19;14:1330321. doi: 10.3389/fneur.2023.1330321. eCollection 2023.","Pavelka L","Front Neurol","2023","2024/01/04","PMC10763250","","10.3389/fneur.2023.1330321"
"35268244","A Psychometric Tool for Evaluating Executive Functions in Parkinson's Disease","Borgnis F, Baglio F, Pedroli E, Rossetto F, Meloni M, Riva G, Cipresso P.","J Clin Med. 2022 Feb 22;11(5):1153. doi: 10.3390/jcm11051153.","Borgnis F","J Clin Med","2022","2022/03/10","PMC8911216","","10.3390/jcm11051153"
"32691911","Laterality of Auditory Dysfunction in Parkinson's Disease","Cerroni R, Pierantozzi M, Moleti A, Stefani A, Sisto R, Mercuri NB, Liguori C, Garasto E, Viziano A.","Mov Disord. 2020 Jul;35(7):1283-1284. doi: 10.1002/mds.28131.","Cerroni R","Mov Disord","2020","2020/07/22","","","10.1002/mds.28131"
"37639074","[The exposome in the context of preventive measures for Alzheimer's and Parkinson's diseases]","Schäffer E, Piel J.","Nervenarzt. 2023 Oct;94(10):892-903. doi: 10.1007/s00115-023-01538-9. Epub 2023 Aug 28.","Schäffer E","Nervenarzt","2023","2023/08/28","","","10.1007/s00115-023-01538-9"
"37693752","Barriers and facilitators for healthcare providers to implement family-centered care in Parkinson's disease: a scoping review","Sun WJ, Peng YJ, Liang Y.","Front Neurol. 2023 Aug 25;14:1231654. doi: 10.3389/fneur.2023.1231654. eCollection 2023.","Sun WJ","Front Neurol","2023","2023/09/11","PMC10486989","","10.3389/fneur.2023.1231654"
"39654809","Associations of motor and neuropsychiatric symptoms with comorbidities in prodromal Parkinson's disease","Chen JR, Sun Y, Ma YJ, Tan L.","Front Aging Neurosci. 2024 Nov 25;16:1452766. doi: 10.3389/fnagi.2024.1452766. eCollection 2024.","Chen JR","Front Aging Neurosci","2024","2024/12/10","PMC11625736","","10.3389/fnagi.2024.1452766"
"40585816","Early brain iron changes in Parkinson's disease and isolated rapid eye movement sleep behaviour disorder: a four-year longitudinal multimodal quantitative MRI study","Gaurav R, Lejeune FX, Santin MD, Valabrègue R, Pérot JB, Pyatigorskaya N, Mangone G, Leu-Semenescu S, Villain N, Habert MO, Vidailhet M, Arnulf I, Corvol JC, Lehéricy S.","Brain Commun. 2025 Jun 2;7(3):fcaf212. doi: 10.1093/braincomms/fcaf212. eCollection 2025.","Gaurav R","Brain Commun","2025","2025/06/30","PMC12203178","","10.1093/braincomms/fcaf212"
"38975139","Facial emotion recognition and judgment of affective scenes in Parkinson's disease","Salfi F, Toro S, Saporito G, Sucapane P, Marano M, Montaruli G, Cacchio A, Ferrara M, Pistoia F.","Heliyon. 2024 Jun 13;10(12):e32947. doi: 10.1016/j.heliyon.2024.e32947. eCollection 2024 Jun 30.","Salfi F","Heliyon","2024","2024/07/08","PMC11226888","","10.1016/j.heliyon.2024.e32947"
"32725131","Dietary nicotine intake and risk of Parkinson disease: a prospective study","Ma C, Molsberry S, Li Y, Schwarzschild M, Ascherio A, Gao X.","Am J Clin Nutr. 2020 Oct 1;112(4):1080-1087. doi: 10.1093/ajcn/nqaa186.","Ma C","Am J Clin Nutr","2020","2020/07/30","PMC7528555","","10.1093/ajcn/nqaa186"
"37292848","Population fraction of Parkinson's disease attributable to preventable risk factors","Payami H, Cohen G, Murchison CF, Sampson TR, Standaert DG, Wallen ZD.","medRxiv [Preprint]. 2023 May 19:2023.05.19.23290231. doi: 10.1101/2023.05.19.23290231.","Payami H","medRxiv","2023","2023/06/09","PMC10246145","","10.1101/2023.05.19.23290231"
"37332651","Cognitive and Motor Decline in Dementia with Lewy Bodies and Parkinson's Disease Dementia","Gonzalez MC, Tovar-Rios DA, Alves G, Dalen I, Williams-Gray CH, Camacho M, Forsgren L, Bäckström D, Lawson RA, Macleod AD, Counsell CE, Paquet C, DeLena C, D'Antonio F, Pilotto A, Padovani A, Blanc F, Falup-Pecurariu C, Lewis SJG, Rejdak K, Papuc E, Hort J, Nedelska Z, O'Brien J, Bonanni L, Marquié M, Boada M, Pytel V, Abdelnour C, Alcolea D, Beyer K, Tysnes OB, Aarsland D, Maple-Grødem J.","Mov Disord Clin Pract. 2023 May 5;10(6):980-986. doi: 10.1002/mdc3.13752. eCollection 2023 Jun.","Gonzalez MC","Mov Disord Clin Pract","2023","2023/06/19","PMC10272890","","10.1002/mdc3.13752"
"34864106","Analysis of serum levels of organochlorine pesticides and related factors in Parkinson's disease","Xu S, Yang X, Qian Y, Luo Q, Song Y, Xiao Q.","Neurotoxicology. 2022 Jan;88:216-223. doi: 10.1016/j.neuro.2021.12.001. Epub 2021 Dec 2.","Xu S","Neurotoxicology","2022","2021/12/05","","","10.1016/j.neuro.2021.12.001"
"37588481","Automated Real-World Video Analysis of Sit-to-Stand Transitions Predicts Parkinson's Disease Severity","Morgan C, Masullo A, Mirmehdi M, Isotalus HK, Jovan F, McConville R, Tonkin EL, Whone A, Craddock I.","Digit Biomark. 2023 Aug 14;7(1):92-103. doi: 10.1159/000530953. eCollection 2023 Jan-Dec.","Morgan C","Digit Biomark","2023","2023/08/17","PMC10425718","","10.1159/000530953"
"36413901","Understanding how people with Parkinson's disease turn in gait from a real-world in-home dataset","Morgan C, Jameson J, Craddock I, Tonkin EL, Oikonomou G, Isotalus HK, Heidarivincheh F, McConville R, Tourte GJL, Kinnunen KM, Whone A.","Parkinsonism Relat Disord. 2022 Dec;105:114-122. doi: 10.1016/j.parkreldis.2022.11.007. Epub 2022 Nov 11.","Morgan C","Parkinsonism Relat Disord","2022","2022/11/22","PMC10391706","","10.1016/j.parkreldis.2022.11.007"
"35111593","Longitudinal clustering analysis and prediction of Parkinson's disease progression using radiomics and hybrid machine learning","Salmanpour MR, Shamsaei M, Hajianfar G, Soltanian-Zadeh H, Rahmim A.","Quant Imaging Med Surg. 2022 Feb;12(2):906-919. doi: 10.21037/qims-21-425.","Salmanpour MR","Quant Imaging Med Surg","2022","2022/02/03","PMC8739095","","10.21037/qims-21-425"
"35474118","Mechanisms of enhanced aggregation and fibril formation of Parkinson's disease-related variants of α-synuclein","Ohgita T, Namba N, Kono H, Shimanouchi T, Saito H.","Sci Rep. 2022 Apr 26;12(1):6770. doi: 10.1038/s41598-022-10789-6.","Ohgita T","Sci Rep","2022","2022/04/27","PMC9043213","","10.1038/s41598-022-10789-6"
"34181919","Parkinson's disease aggravation in association with fine particle components in New York State","Nunez Y, Boehme AK, Li M, Goldsmith J, Weisskopf MG, Re DB, Navas-Acien A, van Donkelaar A, Martin RV, Kioumourtzoglou MA.","Environ Res. 2021 Oct;201:111554. doi: 10.1016/j.envres.2021.111554. Epub 2021 Jun 25.","Nunez Y","Environ Res","2021","2021/06/28","PMC8478789","NIHMS1721132","10.1016/j.envres.2021.111554"
"34290929","Vortioxetine Improved Depressive State In Parkinson's Disease","Yoshimura R, Ikenouchi A, Okamoto N, Konishi Y.","Cureus. 2021 Jun 18;13(6):e15750. doi: 10.7759/cureus.15750. eCollection 2021 Jun.","Yoshimura R","Cureus","2021","2021/07/22","PMC8289392","","10.7759/cureus.15750"
"32943485","Risk factors of Parkinson disease: Simultaneous assessment, interactions, and etiologic subtypes","Belvisi D, Pellicciari R, Fabbrini A, Costanzo M, Pietracupa S, De Lucia M, Modugno N, Magrinelli F, Dallocchio C, Ercoli T, Terravecchia C, Nicoletti A, Solla P, Fabbrini G, Tinazzi M, Berardelli A, Defazio G.","Neurology. 2020 Nov 3;95(18):e2500-e2508. doi: 10.1212/WNL.0000000000010813. Epub 2020 Sep 17.","Belvisi D","Neurology","2020","2020/09/18","PMC7682833","","10.1212/WNL.0000000000010813"
"35393289","Impact of occupational pesticide exposure assessment method on risk estimates for prostate cancer, non-Hodgkin's lymphoma and Parkinson's disease: results of three meta-analyses","Ohlander J, Fuhrimann S, Basinas I, Cherrie JW, Galea KS, Povey AC, van Tongeren M, Harding AH, Jones K, Vermeulen R, Huss A, Kromhout H.","Occup Environ Med. 2022 Aug;79(8):566-574. doi: 10.1136/oemed-2021-108046. Epub 2022 Apr 7.","Ohlander J","Occup Environ Med","2022","2022/04/08","PMC9304108","","10.1136/oemed-2021-108046"
"33382126","Cholinergic Basal Forebrain Volumes Predict Gait Decline in Parkinson's Disease","Wilson J, Yarnall AJ, Craig CE, Galna B, Lord S, Morris R, Lawson RA, Alcock L, Duncan GW, Khoo TK, O'Brien JT, Burn DJ, Taylor JP, Ray NJ, Rochester L.","Mov Disord. 2021 Mar;36(3):611-621. doi: 10.1002/mds.28453. Epub 2020 Dec 31.","Wilson J","Mov Disord","2021","2020/12/31","PMC8048433","","10.1002/mds.28453"
"33887274","Air pollution, surrounding green, road proximity and Parkinson's disease: A prospective cohort study","Yu Z, Wei F, Zhang X, Wu M, Lin H, Shui L, Jin M, Wang J, Tang M, Chen K.","Environ Res. 2021 Jun;197:111170. doi: 10.1016/j.envres.2021.111170. Epub 2021 Apr 19.","Yu Z","Environ Res","2021","2021/04/22","","","10.1016/j.envres.2021.111170"
"37179675","The Quest for the Environment and Dietary Risk Factor for Alzheimer's and Parkinson's Disease: Time to Face the Truth!","Varghese N, Yadav R.","Ann Indian Acad Neurol. 2023 Mar-Apr;26(2):104-105. doi: 10.4103/aian.aian_93_23. Epub 2023 Mar 17.","Varghese N","Ann Indian Acad Neurol","2023","2023/05/14","PMC10171016","","10.4103/aian.aian_93_23"
"36766984","A Novel Physical Mobility Task to Assess Freezers in Parkinson's Disease","Nóbrega LR, Rocon E, Pereira AA, Andrade AO.","Healthcare (Basel). 2023 Jan 31;11(3):409. doi: 10.3390/healthcare11030409.","Nóbrega LR","Healthcare (Basel)","2023","2023/02/11","PMC9914147","","10.3390/healthcare11030409"
"34754467","Parkinson's disease in a worker exposed to insecticides at a greenhouse","Kim Y, Kim I, Sung JM, Song J.","Ann Occup Environ Med. 2021 Feb 5;33:e6. doi: 10.35371/aoem.2021.33.e6. eCollection 2021.","Kim Y","Ann Occup Environ Med","2021","2021/11/10","PMC7952772","","10.35371/aoem.2021.33.e6"
"38679353","Association between increased and decreased gut microbiota abundance and Parkinson's disease: A systematic review and subgroup meta-analysis","Bai F, You L, Lei H, Li X.","Exp Gerontol. 2024 Jun 15;191:112444. doi: 10.1016/j.exger.2024.112444. Epub 2024 Apr 29.","Bai F","Exp Gerontol","2024","2024/04/28","","","10.1016/j.exger.2024.112444"
"40370594","Beyond clinical scales: an observational study on instrumental gait analysis and biomechanical patterns in patients with Parkinson's disease","De Pasquale P, Bonanno M, De Marchis C, Pergolizzi L, Lombardo Facciale A, Paladina G, Maggio MG, Impellizzeri F, Ciancarelli I, Quartarone A, Calabrò RS.","Front Bioeng Biotechnol. 2025 Apr 30;13:1541240. doi: 10.3389/fbioe.2025.1541240. eCollection 2025.","De Pasquale P","Front Bioeng Biotechnol","2025","2025/05/15","PMC12075126","","10.3389/fbioe.2025.1541240"
"38596350","Real-World Experiences of Parkinson's Disease OFF Time and Role of Demographics","Devraj R, Elkouzi A, Tracey MR.","J Patient Cent Res Rev. 2024 Apr 2;11(1):8-17. doi: 10.17294/2330-0698.2057. eCollection 2024 Spring.","Devraj R","J Patient Cent Res Rev","2024","2024/04/10","PMC11000704","","10.17294/2330-0698.2057"
"31996877","Trichloroethylene, a ubiquitous environmental contaminant in the risk for Parkinson's disease","De Miranda BR , Greenamyre JT .","Environ Sci Process Impacts. 2020 Mar 1;22(3):543-554. doi: 10.1039/c9em00578a. Epub 2020 Jan 30.","De Miranda BR","Environ Sci Process Impacts","2020","2020/01/31","PMC7941732","NIHMS1554841","10.1039/c9em00578a"
"33722243","Severity of parkinsonism associated with environmental manganese exposure","Racette BA, Nelson G, Dlamini WW, Prathibha P, Turner JR, Ushe M, Checkoway H, Sheppard L, Nielsen SS.","Environ Health. 2021 Mar 15;20(1):27. doi: 10.1186/s12940-021-00712-3.","Racette BA","Environ Health","2021","2021/03/16","PMC7962371","","10.1186/s12940-021-00712-3"
"37179674","Dietary and Environmental Risk Factors in Parkinson's Disease and Alzheimer's Disease: Beware of Your Food Plate and Your Surroundings!","Madhaw G, Kumar N.","Ann Indian Acad Neurol. 2023 Mar-Apr;26(2):101-103. doi: 10.4103/aian.aian_82_23. Epub 2023 Mar 17.","Madhaw G","Ann Indian Acad Neurol","2023","2023/05/14","PMC10171004","","10.4103/aian.aian_82_23"
"36213098","Current Evidence for the Association between Air Pollution and Parkinson's Disease","Saitoh Y, Mizusawa H.","Ann Indian Acad Neurol. 2022 Sep;25(Suppl 1):S41-S46. doi: 10.4103/aian.aian_62_22. Epub 2022 Mar 21.","Saitoh Y","Ann Indian Acad Neurol","2022","2022/10/10","PMC9540826","","10.4103/aian.aian_62_22"
"33408141","Dietary Antioxidants and the Risk of Parkinson Disease: The Swedish National March Cohort","Hantikainen E, Trolle Lagerros Y, Ye W, Serafini M, Adami HO, Bellocco R, Bonn S.","Neurology. 2021 Feb 9;96(6):e895-e903. doi: 10.1212/WNL.0000000000011373. Epub 2021 Jan 6.","Hantikainen E","Neurology","2021","2021/01/07","","","10.1212/WNL.0000000000011373"
"38117804","Mental flexibility assessment: A research protocol for patients with Parkinson's Disease and Anorexia Nervosa","Borghesi F, Mancuso V, Bruni F, Cremascoli R, Bianchi L, Mendolicchio L, Cattaldo S, Chirico A, Mauro A, Pedroli E, Cipresso P.","PLoS One. 2023 Dec 20;18(12):e0293921. doi: 10.1371/journal.pone.0293921. eCollection 2023.","Borghesi F","PLoS One","2023","2023/12/20","PMC10732438","","10.1371/journal.pone.0293921"
"38446581","Trafficking in Disease: More Evidence for Air Pollution-Parkinson's Association","Nicole W.","Environ Health Perspect. 2024 Mar;132(3):34001. doi: 10.1289/EHP14469. Epub 2024 Mar 6.","Nicole W","Environ Health Perspect","2024","2024/03/06","PMC10917083","","10.1289/EHP14469"
"36516478","Long-term air pollution exposure and Parkinson's disease mortality in a large pooled European cohort: An ELAPSE study","Cole-Hunter T, Zhang J, So R, Samoli E, Liu S, Chen J, Strak M, Wolf K, Weinmayr G, Rodopolou S, Remfry E, de Hoogh K, Bellander T, Brandt J, Concin H, Zitt E, Fecht D, Forastiere F, Gulliver J, Hoffmann B, Hvidtfeldt UA, Jöckel KH, Mortensen LH, Ketzel M, Yacamán Méndez D, Leander K, Ljungman P, Faure E, Lee PC, Elbaz A, Magnusson PKE, Nagel G, Pershagen G, Peters A, Rizzuto D, Vermeulen RCH, Schramm S, Stafoggia M, Katsouyanni K, Brunekreef B, Hoek G, Lim YH, Andersen ZJ.","Environ Int. 2023 Jan;171:107667. doi: 10.1016/j.envint.2022.107667. Epub 2022 Nov 30.","Cole-Hunter T","Environ Int","2023","2022/12/14","","","10.1016/j.envint.2022.107667"
"32092703","Non-motor symptoms and striatal dopamine transporter binding in early Parkinson's disease","Liu R, Umbach DM, Tröster AI, Huang X, Chen H.","Parkinsonism Relat Disord. 2020 Mar;72:23-30. doi: 10.1016/j.parkreldis.2020.02.001. Epub 2020 Feb 11.","Liu R","Parkinsonism Relat Disord","2020","2020/02/25","PMC7222918","NIHMS1565560","10.1016/j.parkreldis.2020.02.001"
"38863783","The mechanisms of white matter injury and immune system crosstalk in promoting the progression of Parkinson's disease: a narrative review","Ma W, Geng Y, Liu Y, Pan H, Wang Q, Zhang Y, Wang L.","Front Aging Neurosci. 2024 May 28;16:1345918. doi: 10.3389/fnagi.2024.1345918. eCollection 2024.","Ma W","Front Aging Neurosci","2024","2024/06/12","PMC11165104","","10.3389/fnagi.2024.1345918"
"34876830","Common Inflammatory Mechanisms in COVID-19 and Parkinson's Diseases: The Role of Microbiome, Pharmabiotics and Postbiotics in Their Prevention","Danilenko V, Devyatkin A, Marsova M, Shibilova M, Ilyasov R, Shmyrev V.","J Inflamm Res. 2021 Nov 30;14:6349-6381. doi: 10.2147/JIR.S333887. eCollection 2021.","Danilenko V","J Inflamm Res","2021","2021/12/08","PMC8643201","","10.2147/JIR.S333887"
"38325344","Associations between Sleep Disorders and Impulsive-Compulsive Behaviors in Parkinson's Disease: A Prospective Cohort Study","Ye M, Kang X, Karlsson IK, Wang Y, Ji Q, Liu Q, Xu X, Hägg S, Fang F, Wirdefeldt K, Zhan Y.","Neuroepidemiology. 2024;58(4):256-263. doi: 10.1159/000536555. Epub 2024 Feb 7.","Ye M","Neuroepidemiology","2024","2024/02/07","PMC11302741","","10.1159/000536555"
"36875701","Recent trends in wearable device used to detect freezing of gait and falls in people with Parkinson's disease: A systematic review","Huang T, Li M, Huang J.","Front Aging Neurosci. 2023 Feb 15;15:1119956. doi: 10.3389/fnagi.2023.1119956. eCollection 2023.","Huang T","Front Aging Neurosci","2023","2023/03/06","PMC9975590","","10.3389/fnagi.2023.1119956"
"39313236","Adjustability of Gait Speed in Clinics and Free-Living Environments for People With Parkinson's Disease","Nishi Y, Fujii S, Ikuno K, Terasawa Y, Morioka S.","J Mov Disord. 2024 Oct;17(4):416-424. doi: 10.14802/jmd.24167. Epub 2024 Sep 23.","Nishi Y","J Mov Disord","2024","2024/09/23","PMC11540547","","10.14802/jmd.24167"
"35962541","Differentiation of the motor cost associated with cognitive tasks in Parkinson's disease: A dual-task study","Uribe P, Fuentes N, Álvarez-Ruf J, Cornejo I, Mariman JJ.","Eur J Neurosci. 2022 Oct;56(7):5106-5115. doi: 10.1111/ejn.15792. Epub 2022 Aug 23.","Uribe P","Eur J Neurosci","2022","2022/08/13","","","10.1111/ejn.15792"
"35442761","Minimally Detectable Change of Speech Intelligibility in Speakers With Multiple Sclerosis and Parkinson's Disease","Stipancic KL, Tjaden K.","J Speech Lang Hear Res. 2022 May 11;65(5):1858-1866. doi: 10.1044/2022_JSLHR-21-00648. Epub 2022 Apr 20.","Stipancic KL","J Speech Lang Hear Res","2022","2022/04/20","PMC9559772","","10.1044/2022_JSLHR-21-00648"
"38243743","Fatigue in Parkinson's Disease: A Proteomic Study of Cerebrospinal Fluid","Eidem LE, Birkeland E, Austdal M, Bårdsen K, Lange J, Alves G, Berven F, Nilsen MM, Herlofson K, Tysnes OB, Omdal R.","Mov Disord. 2024 Apr;39(4):749-751. doi: 10.1002/mds.29715. Epub 2024 Jan 20.","Eidem LE","Mov Disord","2024","2024/01/20","","","10.1002/mds.29715"
"39997954","Ambient Air Pollution and Parkinson's Disease and Alzheimer's Disease: An Updated Meta-Analysis","Xie C, Xia X, Wang K, Yan J, Bai L, Guo L, Li X, Wu S.","Toxics. 2025 Feb 15;13(2):139. doi: 10.3390/toxics13020139.","Xie C","Toxics","2025","2025/02/25","PMC11861764","","10.3390/toxics13020139"
"34758470","Prevalence of Parkinson's Disease in Adults Aged 65 Years and Older in China: A Multicenter Population-Based Survey","Song Z, Liu S, Li X, Zhang M, Wang X, Shi Z, Ji Y.","Neuroepidemiology. 2022;56(1):50-58. doi: 10.1159/000520726. Epub 2021 Nov 10.","Song Z","Neuroepidemiology","2022","2021/11/10","","","10.1159/000520726"
"37184848","Risk of Parkinson Disease Among Service Members at Marine Corps Base Camp Lejeune","Goldman SM, Weaver FM, Stroupe KT, Cao L, Gonzalez B, Colletta K, Brown EG, Tanner CM.","JAMA Neurol. 2023 Jul 1;80(7):673-681. doi: 10.1001/jamaneurol.2023.1168.","Goldman SM","JAMA Neurol","2023","2023/05/15","PMC10186205","","10.1001/jamaneurol.2023.1168"
"32211390","Gait Initiation in Parkinson's Disease: Impact of Dopamine Depletion and Initial Stance Condition","Palmisano C, Brandt G, Vissani M, Pozzi NG, Canessa A, Brumberg J, Marotta G, Volkmann J, Mazzoni A, Pezzoli G, Frigo CA, Isaias IU.","Front Bioeng Biotechnol. 2020 Mar 6;8:137. doi: 10.3389/fbioe.2020.00137. eCollection 2020.","Palmisano C","Front Bioeng Biotechnol","2020","2020/03/27","PMC7068722","","10.3389/fbioe.2020.00137"
"34693879","Lower calcium levels in hair of Parkinson's disease patients are associated with presence of sleeping disturbances","Dos Santos AB, Bezerra MA, Rocha ME, Barreto GE, Kohlmeier KA.","Nutr Neurosci. 2022 Dec;25(12):2577-2587. doi: 10.1080/1028415X.2021.1990464. Epub 2021 Oct 25.","Dos Santos AB","Nutr Neurosci","2022","2021/10/25","","","10.1080/1028415X.2021.1990464"
"33467634","Analysis of Gait for Disease Stage in Patients with Parkinson's Disease","Vila MH, Pérez R, Mollinedo I, Cancela JM.","Int J Environ Res Public Health. 2021 Jan 15;18(2):720. doi: 10.3390/ijerph18020720.","Vila MH","Int J Environ Res Public Health","2021","2021/01/20","PMC7830506","","10.3390/ijerph18020720"
"36186124","Intestinal Permeability, Dysbiosis, Inflammation and Enteric Glia Cells: The Intestinal Etiology of Parkinson's Disease","Yang H, Li S, Le W.","Aging Dis. 2022 Oct 1;13(5):1381-1390. doi: 10.14336/AD.2022.01281. eCollection 2022 Oct 1.","Yang H","Aging Dis","2022","2022/10/03","PMC9466983","","10.14336/AD.2022.01281"
"33570475","Peptide Profile of Zebrafish Brain in a 6-OHDA-Induced Parkinson Model","Fiametti LO, Correa CN, Castro LM.","Zebrafish. 2021 Feb;18(1):55-65. doi: 10.1089/zeb.2020.1945. Epub 2021 Feb 9.","Fiametti LO","Zebrafish","2021","2021/02/11","","","10.1089/zeb.2020.1945"
"40980939","Association between the degree of Parkinson's disease progression and the oral environment","Yamamoto A, Umemoto G, Mizutani S, Fujioka S, Tsuboi Y, Kashiwazaki H.","Neurol Neurochir Pol. 2025;59(5):487-490. doi: 10.5603/pjnns.106300. Epub 2025 Sep 22.","Yamamoto A","Neurol Neurochir Pol","2025","2025/09/22","","","10.5603/pjnns.106300"
"34602498","Development of a Multidimensional Assessment Tool for the Evaluation of Holistic Quality of Life in Parkinson's Disease","Thieken F, Timmermann L, Sohrabi K, Woopen C, Schmitz-Luhn B, Janhsen A, Eggers C.","J Parkinsons Dis. 2022;12(1):361-370. doi: 10.3233/JPD-202391.","Thieken F","J Parkinsons Dis","2022","2021/10/04","","","10.3233/JPD-202391"
"38052871","Population fraction of Parkinson's disease attributable to preventable risk factors","Payami H, Cohen G, Murchison CF, Sampson TR, Standaert DG, Wallen ZD.","NPJ Parkinsons Dis. 2023 Dec 5;9(1):159. doi: 10.1038/s41531-023-00603-z.","Payami H","NPJ Parkinsons Dis","2023","2023/12/05","PMC10698155","","10.1038/s41531-023-00603-z"
"38196602","Health phenome of Parkinson's patients reveals prominent mood-sleep cluster","Olsen A, Locascio J, Tuncali I, Laroussi N, Abatzis E, Kamenskaya P, Kuras Y, Yi T, Videnovic A, Hayes M, Ho G, Paulson J, Khurana V, Herrington T, Hyman B, Selkoe D, Growdon J, Gomperts S, Riise T, Schwarzschild M, Hung A, Wills A, Scherzer C.","Res Sq [Preprint]. 2023 Dec 22:rs.3.rs-3683455. doi: 10.21203/rs.3.rs-3683455/v1.","Olsen A","Res Sq","2023","2024/01/10","PMC10775372","","10.21203/rs.3.rs-3683455/v1"
"36389219","Parkinson's disease resting tremor severity classification using machine learning with resampling techniques","Channa A, Cramariuc O, Memon M, Popescu N, Mammone N, Ruggeri G.","Front Neurosci. 2022 Oct 28;16:955464. doi: 10.3389/fnins.2022.955464. eCollection 2022.","Channa A","Front Neurosci","2022","2022/11/17","PMC9650529","","10.3389/fnins.2022.955464"
"40782651","Acamprosate and risk of parkinsonism","d'Errico A, Strippoli E, Goldman SM, Blanc PD.","Parkinsonism Relat Disord. 2025 Oct;139:107986. doi: 10.1016/j.parkreldis.2025.107986. Epub 2025 Aug 7.","d'Errico A","Parkinsonism Relat Disord","2025","2025/08/09","","","10.1016/j.parkreldis.2025.107986"
"40678252","Remote AI Screening for Parkinson's Disease: A Multimodal, Cross-Setting Validation Study","Islam MS, Adnan T, Abdelkader A, Liu Z, Ma E, Park S, Azad A, Liu P, Pawlik M, Hartman E, Shelton E, Larson KB, Rahman MS, Schwartz C, Jaffe K, Adams JL, Schneider RB, Freyberg J, Dorsey ER, Hoque E.","Res Sq [Preprint]. 2025 Jun 26:rs.3.rs-6844936. doi: 10.21203/rs.3.rs-6844936/v1.","Islam MS","Res Sq","2025","2025/07/18","PMC12270200","","10.21203/rs.3.rs-6844936/v1"
"34068631","Tooth Loss and Blood Pressure in Parkinson's Disease Patients: An Exploratory Study on NHANES Data","Lyra P, Machado V, Proença L, Mendes JJ, Botelho J.","Int J Environ Res Public Health. 2021 May 10;18(9):5032. doi: 10.3390/ijerph18095032.","Lyra P","Int J Environ Res Public Health","2021","2021/06/02","PMC8126086","","10.3390/ijerph18095032"
"33804349","The Impact of Depression Symptoms in Patients with Parkinson's Disease: A Novel Case-Control Investigation","Jiménez-Cebrián AM, Becerro-de-Bengoa-Vallejo R, Losa-Iglesias ME, López-López D, Calvo-Lobo C, Palomo-López P, Romero-Morales C, Navarro-Flores E.","Int J Environ Res Public Health. 2021 Mar 1;18(5):2369. doi: 10.3390/ijerph18052369.","Jiménez-Cebrián AM","Int J Environ Res Public Health","2021","2021/04/03","PMC7967746","","10.3390/ijerph18052369"
"36253999","Dietary β-carotene and vitamin A and risk of Parkinson disease: A protocol for systematic review and meta-analysis","Wu LY, Chen JX, Chen GS, Gao H, Huo JH, Pang YF, Gao QH.","Medicine (Baltimore). 2022 Oct 14;101(41):e31002. doi: 10.1097/MD.0000000000031002.","Wu LY","Medicine (Baltimore)","2022","2022/10/18","PMC9575799","","10.1097/MD.0000000000031002"
"35329176","Association between Residential Greenness and Incidence of Parkinson's Disease: A Population-Based Cohort Study in South Korea","Jung J, Park JY, Myung W, Lee JY, Ko H, Lee H.","Int J Environ Res Public Health. 2022 Mar 15;19(6):3491. doi: 10.3390/ijerph19063491.","Jung J","Int J Environ Res Public Health","2022","2022/03/25","PMC8951185","","10.3390/ijerph19063491"
"34204597","Acid Precipitation and the Prevalence of Parkinson's Disease: An Ecologic Study in U.S. States","Schwartz GG, Williamson MR.","Brain Sci. 2021 Jun 12;11(6):779. doi: 10.3390/brainsci11060779.","Schwartz GG","Brain Sci","2021","2021/07/02","PMC8231258","","10.3390/brainsci11060779"
"35777740","Association between care rehabilitation and the risk of fracture hospitalization in people with Parkinson's disease","Liu N, Babazono A, Ishihara R, Li Y, Jamal A, Kim SA, Matsuda S.","Geriatr Gerontol Int. 2022 Aug;22(8):628-634. doi: 10.1111/ggi.14428. Epub 2022 Jul 1.","Liu N","Geriatr Gerontol Int","2022","2022/07/01","","","10.1111/ggi.14428"
"31786292","Associations between long-term exposure to ambient air pollution and Parkinson's disease prevalence: A cross-sectional study","Salimi F, Hanigan I, Jalaludin B, Guo Y, Rolfe M, Heyworth JS, Cowie CT, Knibbs LD, Cope M, Marks GB, Morgan GG.","Neurochem Int. 2020 Feb;133:104615. doi: 10.1016/j.neuint.2019.104615. Epub 2019 Nov 29.","Salimi F","Neurochem Int","2020","2019/12/02","","","10.1016/j.neuint.2019.104615"
"32318261","Proactive and Integrated Management and Empowerment in Parkinson's Disease: Designing a New Model of Care","Tenison E, Smink A, Redwood S, Darweesh S, Cottle H, van Halteren A, van den Haak P, Hamlin R, Ypinga J, Bloem BR, Ben-Shlomo Y, Munneke M, Henderson E.","Parkinsons Dis. 2020 Mar 30;2020:8673087. doi: 10.1155/2020/8673087. eCollection 2020.","Tenison E","Parkinsons Dis","2020","2020/04/23","PMC7149455","","10.1155/2020/8673087"
"39855059","Cropland associated with risk of Parkinson's disease in the northern Great Plains","Krzyzanowski B, Beyene KM, Nielsen SS, Killion JA, Racette BA.","Parkinsonism Relat Disord. 2025 Mar;132:107288. doi: 10.1016/j.parkreldis.2025.107288. Epub 2025 Jan 14.","Krzyzanowski B","Parkinsonism Relat Disord","2025","2025/01/24","","","10.1016/j.parkreldis.2025.107288"
"35005616","Automatic Speech Recognition in Noise for Parkinson's Disease: A Pilot Study","Goudarzi A, Moya-Galé G.","Front Artif Intell. 2021 Dec 22;4:809321. doi: 10.3389/frai.2021.809321. eCollection 2021.","Goudarzi A","Front Artif Intell","2021","2022/01/10","PMC8727902","","10.3389/frai.2021.809321"
"32399169","Long-Term Use of Antibiotics and Risk of Parkinson's Disease in the Nurses' Health Study","Palacios N, O'Reilly ÉJ, Schwarzschild MA, Ascherio A.","Parkinsons Dis. 2020 Jan 20;2020:4038375. doi: 10.1155/2020/4038375. eCollection 2020.","Palacios N","Parkinsons Dis","2020","2020/05/14","PMC7201469","","10.1155/2020/4038375"
"35440140","Living in a rural area: a potential risk factor for falls in people with Parkinson disease","Zheng XX, Wu L, Yang C, Yang HT, Ding XL.","Rural Remote Health. 2022 Apr;22(2):7096. doi: 10.22605/RRH7096. Epub 2022 Apr 20.","Zheng XX","Rural Remote Health","2022","2022/04/20","","","10.22605/RRH7096"
"39444804","Neural effects of multisensory dance training in Parkinson's disease: evidence from a longitudinal neuroimaging single case study","Simon JR, Bek J, Ghanai K, Bearss KA, Barnstaple RE, Bar RJ, DeSouza JFX.","Front Aging Neurosci. 2024 Oct 9;16:1398871. doi: 10.3389/fnagi.2024.1398871. eCollection 2024.","Simon JR","Front Aging Neurosci","2024","2024/10/24","PMC11496053","","10.3389/fnagi.2024.1398871"
"40722330","Prediction of Parkinson Disease Using Long-Term, Short-Term Acoustic Features Based on Machine Learning","Rashidi M, Arima S, Stetco AC, Coppola C, Musarò D, Greco M, Damato M, My F, Lupo A, Lorenzo M, Danieli A, Maruccio G, Argentiero A, Buccoliero A, Donzella MD, Maffia M.","Brain Sci. 2025 Jul 10;15(7):739. doi: 10.3390/brainsci15070739.","Rashidi M","Brain Sci","2025","2025/07/29","PMC12294038","","10.3390/brainsci15070739"
"37425329","The impact of loneliness on quality of life in people with Parkinson's disease: results from the Survey of Health, Ageing and Retirement in Europe","Prell T, Schönenberg A, Heimrich KG.","Front Med (Lausanne). 2023 Jun 23;10:1183289. doi: 10.3389/fmed.2023.1183289. eCollection 2023.","Prell T","Front Med (Lausanne)","2023","2023/07/10","PMC10326722","","10.3389/fmed.2023.1183289"
"37927278","Why the Gut Microbiome Must Be Considered When Evaluating the Impact of Pesticides on Parkinson's Disease Risk","Ré DB, Rideout HJ.","J Parkinsons Dis. 2023;13(7):1077-1078. doi: 10.3233/JPD-239004.","Ré DB","J Parkinsons Dis","2023","2023/11/06","PMC10657661","","10.3233/JPD-239004"
"33396272","Association between Cardiac Autonomic Control and Postural Control in Patients with Parkinson's Disease","Espinoza-Valdés Y, Córdova-Arellano R, Espinoza-Espinoza M, Méndez-Alfaro D, Bustamante-Aguirre JP, Maureira-Pareja HA, Zamunér AR.","Int J Environ Res Public Health. 2020 Dec 31;18(1):249. doi: 10.3390/ijerph18010249.","Espinoza-Valdés Y","Int J Environ Res Public Health","2020","2021/01/05","PMC7796175","","10.3390/ijerph18010249"
"41455163","Ultrasound for the assessment of muscle architecture in Parkinson's disease: A scoping review","Behraznia M, Ditroilo M, Smith T.","Clin Biomech (Bristol). 2026 Feb;132:106733. doi: 10.1016/j.clinbiomech.2025.106733. Epub 2025 Dec 19.","Behraznia M","Clin Biomech (Bristol)","2026","2025/12/27","","","10.1016/j.clinbiomech.2025.106733"
"35856921","Small Extracellular Vesicles Secreted by Nigrostriatal Astrocytes Rescue Cell Death and Preserve Mitochondrial Function in Parkinson's Disease","Leggio L, L'Episcopo F, Magrì A, Ulloa-Navas MJ, Paternò G, Vivarelli S, Bastos CAP, Tirolo C, Testa N, Caniglia S, Risiglione P, Pappalardo F, Serra A, García-Tárraga P, Faria N, Powell JJ, Peruzzotti-Jametti L, Pluchino S, García-Verdugo JM, Messina A, Marchetti B, Iraci N.","Adv Healthc Mater. 2022 Oct;11(20):e2201203. doi: 10.1002/adhm.202201203. Epub 2022 Aug 15.","Leggio L","Adv Healthc Mater","2022","2022/07/20","PMC11468249","","10.1002/adhm.202201203"
"36395336","A neurocomputational theory of action regulation predicts motor behavior in neurotypical individuals and patients with Parkinson's disease","Zhong S, Choi JW, Hashoush NG, Babayan D, Malekmohammadi M, Pouratian N, Christopoulos V.","PLoS Comput Biol. 2022 Nov 17;18(11):e1010111. doi: 10.1371/journal.pcbi.1010111. eCollection 2022 Nov.","Zhong S","PLoS Comput Biol","2022","2022/11/17","PMC9714880","","10.1371/journal.pcbi.1010111"
"33476876","Geospatial analysis of individual-based Parkinson's disease data supports a link with air pollution: A case-control study","Fleury V, Himsl R, Joost S, Nicastro N, Bereau M, Guessous I, Burkhard PR.","Parkinsonism Relat Disord. 2021 Feb;83:41-48. doi: 10.1016/j.parkreldis.2020.12.013. Epub 2021 Jan 12.","Fleury V","Parkinsonism Relat Disord","2021","2021/01/21","","","10.1016/j.parkreldis.2020.12.013"
"33337294","Effects of domotics on cognitive, social and personal functioning in patients with Parkinson's disease: A pilot study","Latella D, Maggio MG, Maresca G, Andaloro A, Anchesi S, Pajno V, De Luca R, Di Lorenzo G, Manuli A, Calabrò RS.","Assist Technol. 2022 Jul 4;34(4):423-428. doi: 10.1080/10400435.2020.1846095. Epub 2021 Apr 6.","Latella D","Assist Technol","2022","2020/12/18","","","10.1080/10400435.2020.1846095"
"38887056","Association Between Exposure to Particulate Matter and the Incidence of Parkinson's Disease: A Nationwide Cohort Study in Taiwan","Chen TB, Liang CS, Chang CM, Yang CC, Yu HL, Wu YS, Huang WJ, Tsai IJ, Yan YH, Wei CY, Yang CP.","J Mov Disord. 2024 Jul;17(3):313-321. doi: 10.14802/jmd.24003. Epub 2024 Jun 18.","Chen TB","J Mov Disord","2024","2024/06/18","PMC11300401","","10.14802/jmd.24003"
"40610462","Beta-adrenoceptor drugs and progression to Parkinson's disease milestones in a large pooled incident cohort","Wijeyekoon RS, Camacho M, Bäckström D, Forsgren L, Lawson RA, Yarnall AJ, Macleod AD, Counsell CE, Tysnes OB, Alves G, Maple-Grødem J, Barker RA, Williams-Gray CH; Parkinson’s Incidence Cohorts Collaboration.","NPJ Parkinsons Dis. 2025 Jul 3;11(1):198. doi: 10.1038/s41531-025-01014-y.","Wijeyekoon RS","NPJ Parkinsons Dis","2025","2025/07/03","PMC12229619","","10.1038/s41531-025-01014-y"
"32539544","Acoustic characteristics in relation to intelligibility reduction in noise for speakers with Parkinson's disease","Chiu Y, Neel A, Loux T.","Clin Linguist Phon. 2021 Mar 4;35(3):222-236. doi: 10.1080/02699206.2020.1777585. Epub 2020 Jun 15.","Chiu Y","Clin Linguist Phon","2021","2020/06/17","","","10.1080/02699206.2020.1777585"
"37294324","Risk and protective factors in Parkinson's disease: a simultaneous and prospective study with classical statistical and novel machine learning models","Gialluisi A, De Bartolo MI, Costanzo S, Belvisi D, Falciglia S, Ricci M, Di Castelnuovo A, Panzera T, Donati MB, Fabbrini G, de Gaetano G, Berardelli A, Iacoviello L.","J Neurol. 2023 Sep;270(9):4487-4497. doi: 10.1007/s00415-023-11803-1. Epub 2023 Jun 9.","Gialluisi A","J Neurol","2023","2023/06/09","","","10.1007/s00415-023-11803-1"
"35270499","Bone Quality in Patients with Parkinson's Disease Determined by Quantitative Ultrasound (QUS) of the Calcaneus: Influence of Sex Differences","Caplliure-Llopis J, Escrivá D, Navarro-Illana E, Benlloch M, de la Rubia Ortí JE, Barrios C.","Int J Environ Res Public Health. 2022 Feb 28;19(5):2804. doi: 10.3390/ijerph19052804.","Caplliure-Llopis J","Int J Environ Res Public Health","2022","2022/03/10","PMC8910506","","10.3390/ijerph19052804"
"41430044","Muscle bursting and corticomotor excitability mark impaired impulse control in Parkinson's disease","Warden ACM, McAllister CJ, Cruse D, Wright B, MacDonald HJ.","NPJ Parkinsons Dis. 2025 Dec 23;12(1):11. doi: 10.1038/s41531-025-01207-5.","Warden ACM","NPJ Parkinsons Dis","2025","2025/12/22","PMC12796308","","10.1038/s41531-025-01207-5"
"39702743","Longitudinal associations of lipid profiles with sleep disorders in patients with Parkinson's disease","Ye M, Ji Q, Liu Q, Kang X, Zhan Y.","Lipids. 2025 May;60(3):115-123. doi: 10.1002/lipd.12428. Epub 2024 Dec 19.","Ye M","Lipids","2025","2024/12/20","","","10.1002/lipd.12428"
"37430896","Multiscale Entropy Algorithms to Analyze Complexity and Variability of Trunk Accelerations Time Series in Subjects with Parkinson's Disease","Castiglia SF, Trabassi D, Conte C, Ranavolo A, Coppola G, Sebastianelli G, Abagnale C, Barone F, Bighiani F, De Icco R, Tassorelli C, Serrao M.","Sensors (Basel). 2023 May 22;23(10):4983. doi: 10.3390/s23104983.","Castiglia SF","Sensors (Basel)","2023","2023/07/11","PMC10221101","","10.3390/s23104983"
"40567285","Parkinson's disease-related pattern (PDRP) identified using resting-state functional MRI: Validation study","Rommal A, Vo A, Schindlbeck KA, Greuel A, Ruppert MC, Eggers C, Eidelberg D.","Neuroimage Rep. 2021 Jun 26;1(3):100026. doi: 10.1016/j.ynirp.2021.100026. eCollection 2021 Sep.","Rommal A","Neuroimage Rep","2021","2025/06/26","PMC12172760","","10.1016/j.ynirp.2021.100026"
"37615914","The association between intermediate-term sulfur dioxide exposure and outpatient visits for Parkinson's disease: a time-series study in southwestern China","Hu Y, Zhou C, Tan C, Liu J, Huang X, Liu X, Yao C, Li D, Huang Q, Li N, Long J, Li X, Li Y, Zhou L, Cai T.","Environ Sci Pollut Res Int. 2023 Sep;30(44):99694-99703. doi: 10.1007/s11356-023-29408-6. Epub 2023 Aug 24.","Hu Y","Environ Sci Pollut Res Int","2023","2023/08/24","","","10.1007/s11356-023-29408-6"
"38020782","Serum zinc deficiency is a potential risk factor for the occurrence of levodopa-induced dyskinesia in drug-naïve Parkinson's disease","Kim JE, Lee HS, Jang W.","Front Aging Neurosci. 2023 Nov 2;15:1282367. doi: 10.3389/fnagi.2023.1282367. eCollection 2023.","Kim JE","Front Aging Neurosci","2023","2023/11/29","PMC10652755","","10.3389/fnagi.2023.1282367"
"38730245","Untargeted serum metabolic profiling of diabetes mellitus among Parkinson's disease patients","Li S, Lin Y, Jones D, Walker DI, Duarte Folle A, Del Rosario I, Yu Y, Zhang K, Keener AM, Bronstein J, Ritz B, Paul KC.","NPJ Parkinsons Dis. 2024 May 10;10(1):100. doi: 10.1038/s41531-024-00711-4.","Li S","NPJ Parkinsons Dis","2024","2024/05/10","PMC11087477","","10.1038/s41531-024-00711-4"
"35328925","Direct Medical Costs of Parkinson's Disease in Southern China: A Cross-Sectional Study Based on Health Insurance Claims Data in Guangzhou City","Zhang H, Zhou W, Zhang D.","Int J Environ Res Public Health. 2022 Mar 9;19(6):3238. doi: 10.3390/ijerph19063238.","Zhang H","Int J Environ Res Public Health","2022","2022/03/25","PMC8953775","","10.3390/ijerph19063238"
"32925107","The Effect of the COVID-19 Pandemic on People with Parkinson's Disease","Brown EG, Chahine LM, Goldman SM, Korell M, Mann E, Kinel DR, Arnedo V, Marek KL, Tanner CM.","J Parkinsons Dis. 2020;10(4):1365-1377. doi: 10.3233/JPD-202249.","Brown EG","J Parkinsons Dis","2020","2020/09/14","PMC7683050","","10.3233/JPD-202249"
"36825056","Effect of Levodopa and Environmental Setting on Gait and Turning Digital Markers Related to Falls in People with Parkinson's Disease","Shah VV, McNames J, Carlson-Kuhta P, Nutt JG, El-Gohary M, Sowalsky K, Mancini M, Horak FB.","Mov Disord Clin Pract. 2022 Nov 4;10(2):223-230. doi: 10.1002/mdc3.13601. eCollection 2023 Feb.","Shah VV","Mov Disord Clin Pract","2022","2023/02/24","PMC9941945","","10.1002/mdc3.13601"
"33031131","Parkinson Disease and Occupational and Environmental Exposure to Pesticides in a Region of Intense Agribusiness Activity in Brazil: A Case-Control Study","Silvestre GCSB, Ferreira MJM, Figueiredo SEFMR, Silva CALD, Siqueira HH, Silva AMCD.","J Occup Environ Med. 2020 Dec;62(12):e732-e737. doi: 10.1097/JOM.0000000000002043.","Silvestre GCSB","J Occup Environ Med","2020","2020/10/08","","","10.1097/JOM.0000000000002043"
"32339969","Does perceived control mediate the relationship between stigma and well-being for individuals with Parkinson's disease?","Verity D, Eccles FJR, Boland A, Simpson J.","J Neurol Sci. 2020 Jul 15;414:116841. doi: 10.1016/j.jns.2020.116841. Epub 2020 Apr 17.","Verity D","J Neurol Sci","2020","2020/04/28","","","10.1016/j.jns.2020.116841"
"38894948","Statin use and risk of Parkinson's disease among older adults in Japan: a nested case-control study using the Longevity Improvement and Fair Evidence study","Ge S, Zha L, Kimura Y, Shimomura Y, Komatsu M, Gon Y, Komukai S, Murata F, Maeda M, Kiyohara K, Sobue T, Kitamura T, Fukuda H.","Brain Commun. 2024 Jun 4;6(3):fcae195. doi: 10.1093/braincomms/fcae195. eCollection 2024.","Ge S","Brain Commun","2024","2024/06/19","PMC11184346","","10.1093/braincomms/fcae195"
"36352842","A Community-based study on the prevalence and predisposing factors of Parkinson's disease in Barangay Mangilag Sur, Quezon Province, Philippines","Rosales RL, Camille E Rosales M, Jane S J Robles D, Christian Neil T Rodriguez R, Beatrice S Romana N, Mariuz B Rosales J, Salazar GB, Ann S Santiano R.","Clin Park Relat Disord. 2022 Oct 26;7:100169. doi: 10.1016/j.prdoa.2022.100169. eCollection 2022.","Rosales RL","Clin Park Relat Disord","2022","2022/11/10","PMC9637797","","10.1016/j.prdoa.2022.100169"
"35391750","Investigating the Impact of Environment and Data Aggregation by Walking Bout Duration on Parkinson's Disease Classification Using Machine Learning","Rehman RZU, Guan Y, Shi JQ, Alcock L, Yarnall AJ, Rochester L, Del Din S.","Front Aging Neurosci. 2022 Mar 22;14:808518. doi: 10.3389/fnagi.2022.808518. eCollection 2022.","Rehman RZU","Front Aging Neurosci","2022","2022/04/08","PMC8981298","","10.3389/fnagi.2022.808518"
"35230633","Improved neuroprotective activity of Fisetin through SNEDDS in ameliorating the behavioral alterations produced in rotenone-induced Parkinson's model","Kumar R, Kumar R, Khurana N, Singh SK, Khurana S, Verma S, Sharma N, Vyas M, Dua K, Khursheed R, Awasthi A, Vishwas S.","Environ Sci Pollut Res Int. 2022 Jul;29(33):50488-50499. doi: 10.1007/s11356-022-19428-z. Epub 2022 Mar 1.","Kumar R","Environ Sci Pollut Res Int","2022","2022/03/01","","","10.1007/s11356-022-19428-z"
"34921567","Long non-coding RNA ANRIL interacts with microRNA-34a and microRNA-125a, and they all correlate with disease risk and severity of Parkinson's disease","Yang P, Lin G, Wang M, Chen X, Huang J.","J Clin Lab Anal. 2022 Jan;36(1):e24037. doi: 10.1002/jcla.24037. Epub 2021 Dec 17.","Yang P","J Clin Lab Anal","2022","2021/12/18","PMC8761463","","10.1002/jcla.24037"
"36458742","Escape, expand, embrace: the transformational lived experience of rediscovering the self and the other while dancing with Parkinson's or Multiple Sclerosis","Carapellotti AM, Meijerink HJEM, Gravemaker-Scott C, Thielman L, Kool R, Lewin N, Abma TA.","Int J Qual Stud Health Well-being. 2023 Dec;18(1):2143611. doi: 10.1080/17482631.2022.2143611.","Carapellotti AM","Int J Qual Stud Health Well-being","2023","2022/12/02","PMC9721429","","10.1080/17482631.2022.2143611"
"34365911","Does cybersickness affect virtual reality training using the Computer Assisted Rehabilitation Environment (CAREN)? Preliminary results from a case-control study in Parkinson's disease","Impellizzeri F, Naro A, Basile G, Bramanti A, Gazia F, Galletti F, Militi D, Petralito F, Calabrò RS, Milardi D.","Physiother Theory Pract. 2022 Nov;38(13):2603-2611. doi: 10.1080/09593985.2021.1964117. Epub 2021 Aug 7.","Impellizzeri F","Physiother Theory Pract","2022","2021/08/09","","","10.1080/09593985.2021.1964117"
"34886289","Perceived Health, Psychological Distress, and Subjective Well-Being among Older Adults with Parkinson's Disease: A Cross-Lagged Analysis","Lee S.","Int J Environ Res Public Health. 2021 Nov 29;18(23):12566. doi: 10.3390/ijerph182312566.","Lee S","Int J Environ Res Public Health","2021","2021/12/10","PMC8657129","","10.3390/ijerph182312566"
"38014294","The Parkinson's drug entacapone disrupts gut microbiome homeostasis via iron sequestration","Pereira FC, Ge X, Kristensen JM, Kirkegaard RH, Maritsch K, Zhu Y, Decorte M, Hausmann B, Berry D, Wasmund K, Schintlmeister A, Boettcher T, Cheng JX, Wagner M.","bioRxiv [Preprint]. 2023 Nov 13:2023.11.12.566429. doi: 10.1101/2023.11.12.566429.","Pereira FC","bioRxiv","2023","2023/11/28","PMC10680583","","10.1101/2023.11.12.566429"
"32722623","Reduced Gray Matter Volume and Risk of Falls in Parkinson's Disease with Dementia Patients: A Voxel-Based Morphometry Study","Cheng KL, Lin LH, Chen PC, Chiang PL, Chen YS, Chen HL, Chen MH, Chou KH, Li SH, Lu CH, Lin WC.","Int J Environ Res Public Health. 2020 Jul 26;17(15):5374. doi: 10.3390/ijerph17155374.","Cheng KL","Int J Environ Res Public Health","2020","2020/07/30","PMC7432132","","10.3390/ijerph17155374"
"40970415","Prevalence of Parkinson's Disease in a Town of the Central Highlands of Peru: A Population-Based Study","Sarapura-Castro E, Milla-Neyra K, Ríos-Pinto J, Maguiña JL, Rivera-Valdivia A, Inca-Martinez M, Illanes-Manrique M, Galecio-Castillo M, Montano S, Mata IF, Cornejo-Olivas M.","Mov Disord Clin Pract. 2026 Mar;13(3):692-701. doi: 10.1002/mdc3.70354. Epub 2025 Sep 19.","Sarapura-Castro E","Mov Disord Clin Pract","2026","2025/09/19","PMC12919289","NIHMS2140697","10.1002/mdc3.70354"
"39229100","Peripheral Blood Immune Cells from Individuals with Parkinson's Disease or Inflammatory Bowel Disease Share Deficits in Iron Storage and Transport that are Modulated by Non-Steroidal Anti-Inflammatory Drugs","Bolen ML, Nuñes Gomes B, Gill B, Menees KB, Staley H, Jernigan J, Tansey MG.","bioRxiv [Preprint]. 2024 Aug 19:2024.08.19.608634. doi: 10.1101/2024.08.19.608634.","Bolen ML","bioRxiv","2024","2024/09/04","PMC11370434","","10.1101/2024.08.19.608634"
"33887276","Pesticides expenditures by farming type and incidence of Parkinson disease in farmers: A French nationwide study","Perrin L, Spinosi J, Chaperon L, Kab S, Moisan F, Ebaz A.","Environ Res. 2021 Jun;197:111161. doi: 10.1016/j.envres.2021.111161. Epub 2021 Apr 19.","Perrin L","Environ Res","2021","2021/04/22","","","10.1016/j.envres.2021.111161"
"33383608","Functional connectivity between resting-state networks reflects decline in executive function in Parkinson's disease: A longitudinal fMRI study","Boon LI, Hepp DH, Douw L, van Geenen N, Broeders TAA, Geurts JJG, Berendse HW, Schoonheim MM.","Neuroimage Clin. 2020;28:102468. doi: 10.1016/j.nicl.2020.102468. Epub 2020 Oct 15.","Boon LI","Neuroimage Clin","2020","2021/01/01","PMC7581965","","10.1016/j.nicl.2020.102468"
"32552814","Occupational pesticide exposure and the risk of death in patients with Parkinson's disease: an observational study in southern Brazil","Schneider Medeiros M, P Reddy S, P Socal M, Schumacher-Schuh AF, Mello Rieder CR.","Environ Health. 2020 Jun 17;19(1):68. doi: 10.1186/s12940-020-00624-8.","Schneider Medeiros M","Environ Health","2020","2020/06/20","PMC7298782","","10.1186/s12940-020-00624-8"
"38332372","FastEval Parkinsonism: an instant deep learning-assisted video-based online system for Parkinsonian motor symptom evaluation","Yang YY, Ho MY, Tai CH, Wu RM, Kuo MC, Tseng YJ.","NPJ Digit Med. 2024 Feb 8;7(1):31. doi: 10.1038/s41746-024-01022-x.","Yang YY","NPJ Digit Med","2024","2024/02/09","PMC10853559","","10.1038/s41746-024-01022-x"
"33442579","Precompetitive Consensus Building to Facilitate the Use of Digital Health Technologies to Support Parkinson Disease Drug Development through Regulatory Science","Stephenson D, Alexander R, Aggarwal V, Badawy R, Bain L, Bhatnagar R, Bloem BR, Boroojerdi B, Burton J, Cedarbaum JM, Cosman J, Dexter DT, Dockendorf M, Dorsey ER, Dowling AV, Evers LJW, Fisher K, Frasier M, Garcia-Gancedo L, Goldsack JC, Hill D, Hitchcock J, Hu MT, Lawton MP, Lee SJ, Lindemann M, Marek K, Mehrotra N, Meinders MJ, Minchik M, Oliva L, Romero K, Roussos G, Rubens R, Sadar S, Scheeren J, Sengoku E, Simuni T, Stebbins G, Taylor KI, Yang B, Zach N.","Digit Biomark. 2020 Nov 26;4(Suppl 1):28-49. doi: 10.1159/000512500. eCollection 2020 Winter.","Stephenson D","Digit Biomark","2020","2021/01/14","PMC7768153","","10.1159/000512500"
"40611023","Understanding the public knowledge and awareness of parkinson's disease in Ireland: a cross-sectional survey","Crooks S, Mitchell G, Wynne L, Carter G.","BMC Public Health. 2025 Jul 3;25(1):2339. doi: 10.1186/s12889-025-23573-8.","Crooks S","BMC Public Health","2025","2025/07/03","PMC12224858","","10.1186/s12889-025-23573-8"
"40764154","Parkinson's Disease Detection Using Hybrid Siamese Neural Network and Support Vector Machine in Multilingual Voice Signal","Pandey PVK, Sahu SS.","J Voice. 2025 Aug 4:S0892-1997(25)00261-9. doi: 10.1016/j.jvoice.2025.06.036. Online ahead of print.","Pandey PVK","J Voice","2025","2025/08/05","","","10.1016/j.jvoice.2025.06.036"
"40535452","The global rise in Parkinson's disease: a critical analysis of causes and future directions","Leon-Rojas JE.","Front Public Health. 2025 Jun 4;13:1606732. doi: 10.3389/fpubh.2025.1606732. eCollection 2025.","Leon-Rojas JE","Front Public Health","2025","2025/06/19","PMC12174424","","10.3389/fpubh.2025.1606732"
"35961132","Harmonic ratio is the most responsive trunk-acceleration derived gait index to rehabilitation in people with Parkinson's disease at moderate disease stages","Castiglia SF, Trabassi D, De Icco R, Tatarelli A, Avenali M, Corrado M, Grillo V, Coppola G, Denaro A, Tassorelli C, Serrao M.","Gait Posture. 2022 Sep;97:152-158. doi: 10.1016/j.gaitpost.2022.07.235. Epub 2022 Jul 21.","Castiglia SF","Gait Posture","2022","2022/08/12","","","10.1016/j.gaitpost.2022.07.235"
"36931779","Reply to Rumrich and colleagues (What does ""Parkinson's disease mortality"" mean?)","Cole-Hunter T, Zhang J, Lim YH, Samoli E, Chen J, Strak M, Wolf K, Weinmayr G, Zitt E, Hoffmann B, Jöckel KH, Mortensen LH, Ketzel M, Méndez DY, Ljungman P, Nagel G, Pershagen G, Rizzuto D, Schramm S, Brunekreef B, Hoek G, Andersen ZJ.","Environ Int. 2023 Mar;173:107853. doi: 10.1016/j.envint.2023.107853. Epub 2023 Mar 15.","Cole-Hunter T","Environ Int","2023","2023/03/17","","","10.1016/j.envint.2023.107853"
"38393921","Remote Sensing Data as a Tool for Studying Environmental Aspects of Parkinson's Disease","Hegazi MN, El-Jaafary S, Shebl N, El-Fawal H, Rizig M, Salama M.","J Parkinsons Dis. 2024;14(3):619-622. doi: 10.3233/JPD-230382.","Hegazi MN","J Parkinsons Dis","2024","2024/02/23","PMC11091563","","10.3233/JPD-230382"
"39498114","The association between brominated flame retardants exposure with Parkinson's disease in US adults: a cross-sectional study of the National Health and Nutrition Examination Survey 2009-2016","Lv JJ, Zhang YC, Li XY, Zhang LJ, Yixi ZM, Yang CH, Wang XH.","Front Public Health. 2024 Oct 21;12:1451686. doi: 10.3389/fpubh.2024.1451686. eCollection 2024.","Lv JJ","Front Public Health","2024","2024/11/05","PMC11532090","","10.3389/fpubh.2024.1451686"
"32986011","Asymmetrical nigral iron accumulation in Parkinson's disease with motor asymmetry: an explorative, longitudinal and test-retest study","Guan X, Guo T, Zhou C, Wu J, Gao T, Bai X, Wei H, Zhang Y, Xuan M, Gu Q, Huang P, Liu C, Zhang B, Pu J, Song Z, Yan Y, Cui F, Zhang M, Xu X.","Aging (Albany NY). 2020 Sep 27;12(18):18622-18634. doi: 10.18632/aging.103870. Epub 2020 Sep 27.","Guan X","Aging (Albany NY)","2020","2020/09/28","PMC7585099","","10.18632/aging.103870"
"41095938","Exploring the Effectiveness of Immersive Virtual Reality Rehabilitation for Parkinson's Disease: A Narrative Review","Nartea R, Poenaru D, Constantinovici MI, Potcovaru CG, Cinteza D.","J Clin Med. 2025 Sep 28;14(19):6858. doi: 10.3390/jcm14196858.","Nartea R","J Clin Med","2025","2025/10/16","PMC12525201","","10.3390/jcm14196858"
"32712378","Polychlorinated biphenyls (PCBs) and risk of dementia and Parkinson disease: A population-based cohort study in a North Italian highly polluted area","Raffetti E, Donato F, De Palma G, Leonardi L, Sileo C, Magoni M.","Chemosphere. 2020 Dec;261:127522. doi: 10.1016/j.chemosphere.2020.127522. Epub 2020 Jul 4.","Raffetti E","Chemosphere","2020","2020/07/27","","","10.1016/j.chemosphere.2020.127522"
"39534388","Directions of Longitudinal Relationships between Housing-related Control Beliefs and Activities of Daily Living among People with Parkinson's disease","Andersson N, Iwarsson S, Ullén S, Slaug B, Nilsson MH.","Gerontol Geriatr Med. 2024 Nov 11;10:23337214241299084. doi: 10.1177/23337214241299084. eCollection 2024 Jan-Dec.","Andersson N","Gerontol Geriatr Med","2024","2024/11/13","PMC11555731","","10.1177/23337214241299084"
"38632283","Towards a methodological uniformization of environmental risk studies in Parkinson's disease","Santos-Lobato BL.","NPJ Parkinsons Dis. 2024 Apr 17;10(1):86. doi: 10.1038/s41531-024-00709-y.","Santos-Lobato BL","NPJ Parkinsons Dis","2024","2024/04/17","PMC11024193","","10.1038/s41531-024-00709-y"
"39910845","New Insights into the Association of Pesticide Exposure and Parkinson's Disease","Santos-Lobato BL.","Mov Disord. 2025 Mar;40(3):579-580. doi: 10.1002/mds.30135. Epub 2025 Feb 5.","Santos-Lobato BL","Mov Disord","2025","2025/02/06","","","10.1002/mds.30135"
"34916526","Dopamine Neuron Challenge Test for early detection of Parkinson's disease","Zhou J, Li J, Papaneri AB, Kobzar NP, Cui G.","NPJ Parkinsons Dis. 2021 Dec 16;7(1):116. doi: 10.1038/s41531-021-00261-z.","Zhou J","NPJ Parkinsons Dis","2021","2021/12/17","PMC8677804","","10.1038/s41531-021-00261-z"
"34015757","Feature selection and machine learning methods for optimal identification and prediction of subtypes in Parkinson's disease","Salmanpour MR, Shamsaei M, Rahmim A.","Comput Methods Programs Biomed. 2021 Jul;206:106131. doi: 10.1016/j.cmpb.2021.106131. Epub 2021 Apr 29.","Salmanpour MR","Comput Methods Programs Biomed","2021","2021/05/20","","","10.1016/j.cmpb.2021.106131"
"33609950","Microalbuminuria as a potential biomarker for Parkinson's disease severity: A hypothesis","Meléndez-Flores JD, Cavazos-Benítez AC, Estrada-Bellmann I.","Med Hypotheses. 2021 Apr;149:110510. doi: 10.1016/j.mehy.2021.110510. Epub 2021 Jan 26.","Meléndez-Flores JD","Med Hypotheses","2021","2021/02/20","","","10.1016/j.mehy.2021.110510"
"34231163","How far can I reach? The perception of upper body action capabilities in Parkinson's disease","Readman MR, McLatchie NM, Poliakoff E, Crawford TJ, Linkenauger SA.","Atten Percept Psychophys. 2021 Nov;83(8):3259-3274. doi: 10.3758/s13414-021-02340-y. Epub 2021 Jul 6.","Readman MR","Atten Percept Psychophys","2021","2021/07/07","PMC8260152","","10.3758/s13414-021-02340-y"
"34405101","Impulse Control Disorders in Parkinson's Disease: Has COVID-19 Related Lockdown Been a Trigger?","Rábano-Suárez P, Martínez-Fernández R, Natera-Villalba E, Pareés I, Martínez-Castrillo JC, Alonso-Canovas A.","Mov Disord Clin Pract. 2021 Jul 9;8(6):940-943. doi: 10.1002/mdc3.13276. eCollection 2021 Aug.","Rábano-Suárez P","Mov Disord Clin Pract","2021","2021/08/18","PMC8354062","","10.1002/mdc3.13276"
"34776132","Effects of a posture shirt with back active correction keeper on static and dynamic balance in Parkinson's disease","Morone G, Iosa M, Cocchi I, Paolucci T, Arengi A, Bini F, Marinozzi F, Ciancarelli I, Paolucci S, De Angelis D.","J Bodyw Mov Ther. 2021 Oct;28:138-143. doi: 10.1016/j.jbmt.2021.06.011. Epub 2021 Jun 12.","Morone G","J Bodyw Mov Ther","2021","2021/11/15","","","10.1016/j.jbmt.2021.06.011"
"38890480","Association of accelerometer-measured physical activity and incident Parkinson's disease: insights and future research directions","Chen LH, Liu T.","NPJ Digit Med. 2024 Jun 18;7(1):158. doi: 10.1038/s41746-024-01154-0.","Chen LH","NPJ Digit Med","2024","2024/06/18","PMC11187200","","10.1038/s41746-024-01154-0"
"38768570","Olfactory Dysfunction and Long-Term Trajectories of Sleep Disorders among early Parkinson's Disease: Findings from a Longitudinal Cohort","Ye M, Ji Q, Liu Q, Xu Y, Tao E, Zhan Y.","Neuroepidemiology. 2025;59(1):68-77. doi: 10.1159/000539330. Epub 2024 May 20.","Ye M","Neuroepidemiology","2025","2024/05/20","PMC11797938","","10.1159/000539330"
"34054697","A Rapid Motor Task-Based Screening Tool for Parkinsonism in Community-Based Studies","Dlamini WW, Nielsen S, Ushe M, Nelson G, Racette BA.","Front Neurol. 2021 May 13;12:653066. doi: 10.3389/fneur.2021.653066. eCollection 2021.","Dlamini WW","Front Neurol","2021","2021/05/31","PMC8155367","","10.3389/fneur.2021.653066"
"33689402","Effect of Care Rehabilitation on Medical Expenses, Care Costs, and Total Costs of Elderly Individuals with Parkinson's Disease","Liu N, Babazono A, Kim SA, Li Y.","Popul Health Manag. 2021 Dec;24(6):738-747. doi: 10.1089/pop.2020.0316. Epub 2021 Mar 9.","Liu N","Popul Health Manag","2021","2021/03/10","","","10.1089/pop.2020.0316"
"39244698","Socioenvironmental Factors are Associated With Dopamine Transporter Availability in Healthy Individuals but not in Parkinson's Disease","Cayir S, Tezel M, Matuskey D.","J Geriatr Psychiatry Neurol. 2025 Mar;38(2):143-149. doi: 10.1177/08919887241281062. Epub 2024 Sep 7.","Cayir S","J Geriatr Psychiatry Neurol","2025","2024/09/08","PMC12473387","NIHMS2110261","10.1177/08919887241281062"
"41279573","Optimized reference region and the effect on test-retest reliability and detection of Parkinson's disease with [(11)C]UCB-J","Khattar N, Matuskey D, Gallezot JD, Naganawa M, Holmes SE, Sadabad FE, Mayeli M, Esterlis I, van Dyck CH, Mecca AP, D'Souza DC, Nabulsi NB, Finnema SJ, Huang Y, Carson RE, Toyonaga T.","bioRxiv [Preprint]. 2025 Oct 15:2025.10.15.682460. doi: 10.1101/2025.10.15.682460.","Khattar N","bioRxiv","2025","2025/11/24","PMC12632983","","10.1101/2025.10.15.682460"
"40905752","Blood and cerebrospinal fluid metallomics uncover mercury, chromium, and iron alterations in de novo Parkinson's disease","Dušek P, Subramanian RG, Serranová T, Šonka K, Růžička E, Kuta J.","J Parkinsons Dis. 2025 Dec;15(8):1383-1396. doi: 10.1177/1877718X251367303. Epub 2025 Sep 4.","Dušek P","J Parkinsons Dis","2025","2025/09/04","","","10.1177/1877718X251367303"
"31950559","Parkinson disease, levodopa and the gut microbiota-when microbiology meets pharmacology","Brüssow H.","Environ Microbiol. 2020 Mar;22(3):808-812. doi: 10.1111/1462-2920.14919. Epub 2020 Jan 26.","Brüssow H","Environ Microbiol","2020","2020/01/18","","","10.1111/1462-2920.14919"
"39846578","Exploring Context Allows Us to Better Understand Physical Activity in People with and Without Parkinson's Who Have Fallen: A Mixed Methods Study","Baker K, Das J, Rochester L, Del Din S, Naisby J.","Geriatrics (Basel). 2025 Jan 7;10(1):8. doi: 10.3390/geriatrics10010008.","Baker K","Geriatrics (Basel)","2025","2025/01/23","PMC11755437","","10.3390/geriatrics10010008"
"33738711","Evidence-Based Recommendations for the Oral Health of Patients with Parkinson's Disease","Martimbianco ALC, Prosdocimi FC, Anauate-Netto C, Dos Santos EM, Mendes GD, Fragoso YD.","Neurol Ther. 2021 Jun;10(1):391-400. doi: 10.1007/s40120-021-00237-4. Epub 2021 Mar 18.","Martimbianco ALC","Neurol Ther","2021","2021/03/19","PMC8140025","","10.1007/s40120-021-00237-4"
"41090034","SHAP-based interpretable machine learning for Parkinson's disease severity prediction: integrated analysis of clinical and environmental features","Jin Y, Li X, Han X, Qiu Y, Zhang H, Xu J, Han M.","Front Neurol. 2025 Sep 29;16:1678463. doi: 10.3389/fneur.2025.1678463. eCollection 2025.","Jin Y","Front Neurol","2025","2025/10/15","PMC12515681","","10.3389/fneur.2025.1678463"
"41140317","Mixture effects of air pollutants on Parkinson's disease in adults ages 40+ in the United States from 2002 to 2016","Vu BN, Amini H, Qiu X, Feng Y, Wei Y, Schwartz J.","Environ Epidemiol. 2025 Oct 22;9(6):e425. doi: 10.1097/EE9.0000000000000425. eCollection 2025 Dec.","Vu BN","Environ Epidemiol","2025","2025/10/27","PMC12548994","","10.1097/EE9.0000000000000425"
"39546524","PATIENT WITH PARKINSON'S DISEASE AND DEPRESSIVE SYMPTOMS ASSOCIATED WITH IMPULSE CONTROL DISORDER","Migita K, Okamoto N, Ikenouchi A, Kijima R, Hashimoto T, Adachi H, Yoshimura R.","Psychiatr Danub. 2024 May;36(1):135-136. doi: 10.24869/psyd.2024.135.","Migita K","Psychiatr Danub","2024","2024/11/15","","","10.24869/psyd.2024.135"
"35338204","Author Correction: Neuroprotective effects of ATPase inhibitory factor 1 preventing mitochondrial dysfunction in Parkinson's disease","Chung I, Park HA, Kang J, Kim H, Hah SM, Lee J, Kim HS, Choi WS, Chung JH, Shin MJ.","Sci Rep. 2022 Mar 25;12(1):5203. doi: 10.1038/s41598-022-09076-1.","Chung I","Sci Rep","2022","2022/03/26","PMC8956612","","10.1038/s41598-022-09076-1"
"40201792","Effect of Short-Term Exposure to Ambient Temperatures on Parkinson's Diseases Mortality Among Elderly Aged 60 Years and Above in China, 2013-2020","Zhang R, Jia A, Zheng H, Li Y, Wang C, Wu S, Wang S, Guo Q, Wang Y, Bi P, Wu J.","Geohealth. 2025 Apr 8;9(4):e2024GH001246. doi: 10.1029/2024GH001246. eCollection 2025 Apr.","Zhang R","Geohealth","2025","2025/04/09","PMC11976458","","10.1029/2024GH001246"
"40013091","Bidirectional relationship between depression and activities of daily living and longitudinal mediation of cognitive function in patients with Parkinson's disease","Xu Y, Chen D, Dong M, Zhang Y, Yu H, Han Y.","Front Aging Neurosci. 2025 Feb 12;17:1513373. doi: 10.3389/fnagi.2025.1513373. eCollection 2025.","Xu Y","Front Aging Neurosci","2025","2025/02/27","PMC11861111","","10.3389/fnagi.2025.1513373"
"34034024","How many gait initiation trials are necessary to reliably detect anticipatory postural adjustments and first step characteristics in healthy elderly and people with Parkinson's disease?","Seuthe J, D'Cruz N, Ginis P, Blöbaum R, Weisser B, Deuschl G, Nieuwboer A, Schlenstedt C.","Gait Posture. 2021 Jul;88:126-131. doi: 10.1016/j.gaitpost.2021.05.016. Epub 2021 May 18.","Seuthe J","Gait Posture","2021","2021/05/25","","","10.1016/j.gaitpost.2021.05.016"
"40150115","A Comparative Study of Machine Learning and Deep Learning Models for Automatic Parkinson's Disease Detection from Electroencephalogram Signals","Bera S, Geem ZW, Cho YI, Singh PK.","Diagnostics (Basel). 2025 Mar 19;15(6):773. doi: 10.3390/diagnostics15060773.","Bera S","Diagnostics (Basel)","2025","2025/03/28","PMC11941155","","10.3390/diagnostics15060773"
"33130433","Signal intensity of cerebral gyri in corticobasal syndrome on phase difference enhanced magnetic resonance images: Comparison of progressive supranuclear palsy and Parkinson's disease","Miyata M, Kakeda S, Yoneda T, Ide S, Okada K, Adachi H, Korogi Y.","J Neurol Sci. 2020 Dec 15;419:117210. doi: 10.1016/j.jns.2020.117210. Epub 2020 Oct 25.","Miyata M","J Neurol Sci","2020","2020/11/01","","","10.1016/j.jns.2020.117210"
"40893506","Association between brain iron deposition and pure apathy in Parkinson's disease: a cross-sectional quantitative susceptibility mapping imaging study","Zhang L, Chen K, Zhi Y, Ji W, Shi G, You Y, Wang F, Chen K, Xu T, Fang X.","Quant Imaging Med Surg. 2025 Sep 1;15(9):8292-8308. doi: 10.21037/qims-2024-2626. Epub 2025 Aug 12.","Zhang L","Quant Imaging Med Surg","2025","2025/09/02","PMC12397670","","10.21037/qims-2024-2626"
"33427697","A novel method for automatic classification of Parkinson gait severity using front-view video analysis","Khan T, Zeeshan A, Dougherty M.","Technol Health Care. 2021;29(4):643-653. doi: 10.3233/THC-191960.","Khan T","Technol Health Care","2021","2021/01/11","PMC9789477","","10.3233/THC-191960"
"40260611","Exploring the interactions of urinary metals and the mediating role of oxidative stress in Parkinson's disease risk: an epidemiological study in the elderly","Shan C, Zheng Q, Li M, Ge Y, Bian J, Huang Z, Guo Z, Jiang Y, Xu P, Lu S, Chen H.","Environ Sci Process Impacts. 2025 May 21;27(5):1439-1447. doi: 10.1039/d5em00166h.","Shan C","Environ Sci Process Impacts","2025","2025/04/22","","","10.1039/d5em00166h"
"41381678","A novel cryptographic framework and mathematical modeling for secure transmission of Parkinson's disease data using RSA and block-based secret sharing","Sambandham T, Srivastava HM, Thangamani S, Yousif MA, Djaouti AM, Mohammed PO.","Sci Rep. 2025 Dec 12;16(1):2489. doi: 10.1038/s41598-025-32227-z.","Sambandham T","Sci Rep","2025","2025/12/11","PMC12820063","","10.1038/s41598-025-32227-z"
"40303466","The innovation and practice of the ""hand as foot"" teaching method in the teaching of Parkinson's disease","Yang J, Yang D, Yu J, Liu J.","Front Aging Neurosci. 2025 Apr 15;17:1519067. doi: 10.3389/fnagi.2025.1519067. eCollection 2025.","Yang J","Front Aging Neurosci","2025","2025/04/30","PMC12037490","","10.3389/fnagi.2025.1519067"
"33018103","Unsupervised Pre-trained Models from Healthy ADLs Improve Parkinson's Disease Classification of Gait Patterns","Som A, Krishnamurthi N, Buman M, Turaga P.","Annu Int Conf IEEE Eng Med Biol Soc. 2020 Jul;2020:784-788. doi: 10.1109/EMBC44109.2020.9176572.","Som A","Annu Int Conf IEEE Eng Med Biol Soc","2020","2020/10/06","PMC7545260","NIHMS1605050","10.1109/EMBC44109.2020.9176572"
"40070212","JLeNeT: Jaccard LeNet for Parkinson's disease detection and severity level classification using voice signal in IoT environment","Pragadeeswaran S, Kannimuthu S.","Network. 2025 Mar 12:1-30. doi: 10.1080/0954898X.2025.2453032. Online ahead of print.","Pragadeeswaran S","Network","2025","2025/03/12","","","10.1080/0954898X.2025.2453032"
"41076900","Green analytical methods for simultaneous determination of levodopa, carbidopa, and benserazide in Parkinson's drugs: The preferable superiority of the capillary electrophoresis comparing to the standard high performance liquid chromatography","Nguyen TD, Tu TH, Nguyen TMT, Nguyen MH, Duong HA, Pham HV.","J Chromatogr A. 2025 Nov 22;1763:466443. doi: 10.1016/j.chroma.2025.466443. Epub 2025 Oct 5.","Nguyen TD","J Chromatogr A","2025","2025/10/12","","","10.1016/j.chroma.2025.466443"
"37449354","Rare-variant collapsing and bioinformatic analyses for amyloidosis, dementia and Parkinson's disease in the UK biobank reveal novel susceptibility loci","Zöller B, Manderstedt E, Lind-Halldén C, Halldén C.","Amyloid. 2023 Dec;30(4):442-444. doi: 10.1080/13506129.2023.2226299. Epub 2023 Jul 14.","Zöller B","Amyloid","2023","2023/07/14","","","10.1080/13506129.2023.2226299"
"33802532","Facilitatory rTMS over the Supplementary Motor Cortex Impedes Gait Performance in Parkinson Patients with Freezing of Gait","Brugger F, Wegener R, Baty F, Walch J, Krüger MT, Hägele-Link S, Bohlhalter S, Kägi G.","Brain Sci. 2021 Mar 3;11(3):321. doi: 10.3390/brainsci11030321.","Brugger F","Brain Sci","2021","2021/04/03","PMC7999694","","10.3390/brainsci11030321"
"41450755","Short-term associations between ambient air pollution and emergency department visits for Parkinson disease, multiple sclerosis, migraine, and seizure in California, 2005-2018","Chen S, Zhang D, Zhang R, Lane M, Scovronick NC, Ebelt ST, Chang HH.","Environ Epidemiol. 2025 Dec 23;10(1):e444. doi: 10.1097/EE9.0000000000000444. eCollection 2026 Feb.","Chen S","Environ Epidemiol","2025","2025/12/26","PMC12737864","","10.1097/EE9.0000000000000444"
"38948151","Variable frequency deep brain stimulation of subthalamic nucleus to improve freezing of gait in Parkinson's disease","Jia F, Wagle Shukla A, Hu W, Ma Y, Zhang J, Almeida L, Kao C, Guo Y, Zhang S, Tao Y, Ling Z, Xu X, Yang Z, Meng FG, Wan X, Liu H, Konard PE, Li L.","Natl Sci Rev. 2024 Jun 7;11(6):nwae187. doi: 10.1093/nsr/nwae187. eCollection 2024 Jun.","Jia F","Natl Sci Rev","2024","2024/07/01","PMC11214434","","10.1093/nsr/nwae187"
"36931780","Letter in response to Cole-Hunter et al., 2023: What does ""Parkinson's disease mortality"" mean?","Rumrich IK, Kaasinen V, Hänninen O, Hartikainen S, Tolppanen AM.","Environ Int. 2023 Mar;173:107852. doi: 10.1016/j.envint.2023.107852. Epub 2023 Mar 15.","Rumrich IK","Environ Int","2023","2023/03/17","","","10.1016/j.envint.2023.107852"
"35017428","Designing nanocarriers to overcome the limitations in conventional drug administration for Parkinson's disease","Garcia-Munoz RA, McConnell J, Morales V, Sanz R.","Neural Regen Res. 2022 Aug;17(8):1743-1744. doi: 10.4103/1673-5374.332143.","Garcia-Munoz RA","Neural Regen Res","2022","2022/01/12","PMC8820718","","10.4103/1673-5374.332143"
"40469913","Learning to suppress tremors: a deep reinforcement learning-enabled soft exoskeleton for Parkinson's patients","Endrei T, Földi S, Makk Á, Cserey G.","Front Robot AI. 2025 May 21;12:1537470. doi: 10.3389/frobt.2025.1537470. eCollection 2025.","Endrei T","Front Robot AI","2025","2025/06/05","PMC12133501","","10.3389/frobt.2025.1537470"
"36870913","Erratum to ""Neuroprotective repositioning and anti-tau effect of carvedilol on rotenone induced neurotoxicity in rats: Insights from an insilico & in vivo anti-Parkinson's disease study"" [Eur. J. Pharmacol. 932 (2022) 175204]","Kamal RE, Menze E, Albohy A, Ahmed HI, Azab SS.","Eur J Pharmacol. 2023 Apr 15;945:175534. doi: 10.1016/j.ejphar.2023.175534. Epub 2023 Mar 2.","Kamal RE","Eur J Pharmacol","2023","2023/03/04","","","10.1016/j.ejphar.2023.175534"
"38211434","Corrigendum to ""Risk of Parkinson's disease-related death in cancer survivors: A population-based study in Japan"" [Park. Relat. Disord. 119 (2024) 105966]","Hayano E, Gon Y, Kimura Y, Zha L, Morishima T, Ohno Y, Mochizuki H, Sobue T, Miyashiro I.","Parkinsonism Relat Disord. 2024 Mar;120:105990. doi: 10.1016/j.parkreldis.2024.105990. Epub 2024 Jan 10.","Hayano E","Parkinsonism Relat Disord","2024","2024/01/11","","","10.1016/j.parkreldis.2024.105990"
"38302369","Corrigendum to ""Lapatinib ditosylate rescues motor deficits in rotenone-intoxicated rats: Potential repurposing of anti-cancer drug as a disease-modifying agent in Parkinson's disease"" [Eur. J. Pharmacol. 954 (2023) 175875]","Mansour HM, Mohamed AF, Khattab MM, El-Khatib AS.","Eur J Pharmacol. 2024 Mar 5;966:176371. doi: 10.1016/j.ejphar.2024.176371. Epub 2024 Feb 1.","Mansour HM","Eur J Pharmacol","2024","2024/02/01","","","10.1016/j.ejphar.2024.176371"
"40413457","Correction: Microglial activation contributes to cognitive impairments in rotenone-induced mouse Parkinson's disease model","Zhang D, Li S, Hou L, Jing L, Ruan Z, Peng B, Zhang X, Hong JS, Zhao J, Wang Q.","J Neuroinflammation. 2025 May 24;22(1):140. doi: 10.1186/s12974-025-03458-8.","Zhang D","J Neuroinflammation","2025","2025/05/24","PMC12103010","","10.1186/s12974-025-03458-8"
"38886949","Transient receptor potential channels and calcium dysregulation: a pathogenic duo in Parkinson's disease","Saeed I, Ma L.","Neural Regen Res. 2025 Mar 1;20(3):808-810. doi: 10.4103/NRR.NRR-D-24-00172. Epub 2024 May 17.","Saeed I","Neural Regen Res","2025","2024/06/18","PMC11433894","","10.4103/NRR.NRR-D-24-00172"
"38672284","Correction: D'Amico et al. Toxic Exposure to Endocrine Disruptors Worsens Parkinson's Disease Progression through NRF2/HO-1 Alteration. Biomedicines 2022, 10, 1073","D'Amico R, Gugliandolo E, Siracusa R, Cordaro M, Genovese T, Peritore AF, Crupi R, Interdonato L, Di Paola D, Cuzzocrea S, Fusco R, Impellizzeri D, Di Paola R.","Biomedicines. 2024 Apr 10;12(4):834. doi: 10.3390/biomedicines12040834.","D'Amico R","Biomedicines","2024","2024/04/27","PMC11048085","","10.3390/biomedicines12040834"
"33284817","The meaning of home questionnaire revisited: Psychometric analyses among people with Parkinson's disease reveals new dimensions","Andersson N, Nilsson MH, Slaug B, Oswald F, Iwarsson S.","PLoS One. 2020 Dec 7;15(12):e0242792. doi: 10.1371/journal.pone.0242792. eCollection 2020.","Andersson N","PLoS One","2020","2020/12/07","PMC7721182","","10.1371/journal.pone.0242792"
"38705926","Correction to: Connecting the dots between mitochondrial dysfunction and Parkinson's disorder: focus mitochondria-targeting therapeutic paradigm in mitigating the disease severity","Kaur I, Behl T, Sehgal A, Singh S, Sharma N, Aleya L, Bungau S.","Environ Sci Pollut Res Int. 2024 May;31(23):34757. doi: 10.1007/s11356-024-33597-z.","Kaur I","Environ Sci Pollut Res Int","2024","2024/05/05","","","10.1007/s11356-024-33597-z"
"40189991","Corrigendum to ""Dysregulation of serotonergic neurotransmission in Parkinson disease: A key duet"" [Eur. J. Pharmacol. 995 (2025) 177419]","Khowdiary MM, Al-Kuraishy HM, Al-Gareeb AI, Albuhadily AK, Elhenawy AA, Babalghith AO, Shokr MM, Alexiou A, Papadakis M, El-Saber Batiha G.","Eur J Pharmacol. 2025 Jun 5;996:177540. doi: 10.1016/j.ejphar.2025.177540. Epub 2025 Apr 3.","Khowdiary MM","Eur J Pharmacol","2025","2025/04/07","","","10.1016/j.ejphar.2025.177540"
"37154953","A potential imaging biomarker distinguishing neurodegenerative parkinsonism using brainstem MRI shape analysis","Tsai MT, Juan CE, Liu YJ, Juan CJ.","Eur Radiol. 2023 Jul;33(7):4537-4539. doi: 10.1007/s00330-023-09683-0. Epub 2023 May 8.","Tsai MT","Eur Radiol","2023","2023/05/08","","","10.1007/s00330-023-09683-0"
"34465554","Corrigendum to ""NADPH oxidase-derived H2O2 mediates the regulatory effects of microglia on astrogliosis in experimental models of Parkinson's disease"" [Redox Biol. 2017, 12: 162-170]","Hou L, Zhou X, Zhang C, Wang K, Liu X, Che Y, Sun F, Li H, Wang Q, Zhang D, Hong JS.","Redox Biol. 2021 Nov;47:102119. doi: 10.1016/j.redox.2021.102119. Epub 2021 Aug 28.","Hou L","Redox Biol","2021","2021/09/01","PMC8577459","","10.1016/j.redox.2021.102119"
"41184000","Utility of Locus Coeruleus Signal Intensity on High-resolution T1-weighted MR Imaging with Magnetization Transfer for Differentiating Parkinson's Disease from Atypical Parkinsonism","Yoshimatsu Y, Ide S, Ogawa N, Kajio K, Sakamoto T, Futatsuya K, Murakami Y, Hashimoto T, Adachi H, Aoki T.","Magn Reson Med Sci. 2026 Feb 26;25(1):2025-0126. doi: 10.2463/mrms.mp.2025-0126. Epub 2025 Oct 31.","Yoshimatsu Y","Magn Reson Med Sci","2026","2025/11/03","PMC13218839","","10.2463/mrms.mp.2025-0126"
"41216526","Corrigendum to ""Leveraging ANFIS with Adam and PSO optimizers for Parkinson's disease"" [Heliyon Volume 10, Issue 9, May 15, 2024, Article e30241]","Pasha A, Ahmed ST, Painam RK, Mathivanan SK, P K, Mallik S, Qin H.","Heliyon. 2025 Jun 14;11(12):e43492. doi: 10.1016/j.heliyon.2025.e43492. eCollection 2025 Jul.","Pasha A","Heliyon","2025","2025/11/11","PMC12435064","","10.1016/j.heliyon.2025.e43492"
"32668658","Erratum: Cheng, Y.-C., et al. Evidence Supports PA Prescription for Parkinson's Disease: Motor Symptoms and Non-Motor Features: A Scoping Review. Int. J. Environ. Res. Public Health 2020, 17, 2894","Cheng YC, Su CH.","Int J Environ Res Public Health. 2020 Jul 13;17(14):5024. doi: 10.3390/ijerph17145024.","Cheng YC","Int J Environ Res Public Health","2020","2020/07/17","PMC7399979","","10.3390/ijerph17145024"
"33411167","Letter to the Editor regarding Wang Y, Liu Y, Yan H. 2020. Effect of long-term particulate matter exposure on Parkinson's risk","Kawada T.","Environ Geochem Health. 2021 May;43(5):1759-1760. doi: 10.1007/s10653-020-00789-8. Epub 2021 Jan 7.","Kawada T","Environ Geochem Health","2021","2021/01/07","","","10.1007/s10653-020-00789-8"
"40138890","Effect of trunk-centered rehabilitation program associated with specific brace in Parkinsonian with low back pain: A 6-year follow-up case report","David R, Billot M, Cassoudesalle H, Dehail P, Glize B, Compagnat M, de Sèze M.","Parkinsonism Relat Disord. 2025 May;134:107802. doi: 10.1016/j.parkreldis.2025.107802. Epub 2025 Mar 19.","David R","Parkinsonism Relat Disord","2025","2025/03/26","","","10.1016/j.parkreldis.2025.107802"
