pubmed_id,title,publication_date,keywords,abstract,authors,conclusions,copyrights,doi,journal,methods,results,xml
40056552,Wastewater-borne markers of neurodegenerative disease: β-methylamino-L-alanine and aminomethylphosphonic acid.,2025-03-09,"Environmental toxicants, Liquid chromatography tandem mass spectroscopy, Neurodegeneration, Prevalence, Wastewater-based epidemiology, β-Methylamino-L-alanine","Exposure to toxic organic chemicals such as β-methylamino-L-alanine (BMAA) and glyphosate has been associated with neurodegenerative diseases (NDDs), including amyotrophic lateral sclerosis (ALS), Parkinson's Disease (PD), and Alzheimer's Disease (AD). We explored the utility of BMAA and glyphosate's metabolite aminomethylphosphonic acid (AMPA) for serving as potential markers of NDDs by comparing levels of wastewater-borne BMAA and AMPA with regional U.S. rates of NDD prevalence. Newly developed liquid chromatography tandem mass spectrometry (LC-MS/MS) methods were applied to U.S. wastewater samples (n = 87) and resultant concentrations of putative biomarkers were statistically compared to NDD prevalence rates in conjunction with environmental data on algal blooms and agricultural glyphosate use. Locations of algal blooms were found to be significantly associated (p = 0.01) with ALS prevalence rates per 100,000 people. BMAA levels in wastewater were highly correlated (p < 0.0001) with ALS prevalence rates by region. BMAA in wastewater typically peaked in summer months. We conclude that NDD biomarker detection in wastewater holds potential value, with BMAA outperforming AMPA. Furthermore, prevalence data for NDDs may have to be reported to the Centers for Disease Control and Prevention at a higher geospatial resolution to further enhance the value for the present type of analysis. Further method development is needed for AMPA to be quantified using LC-MS/MS. Future method developments focusing on metabolites (e.g., AMPA) may enable epidemiologists to determine human exposure levels rather than the mere occurrence of toxic organic chemicals in the environment.","[{'affiliation': 'Arizona State University, USA; Biodesign Center for Environmental Health Engineering, USA; School for Engineering of Matter, Transport and Energy, USA.', 'firstname': 'Melanie Engstrom', 'initials': 'ME', 'lastname': 'Newell'}, {'affiliation': 'Arizona State University, USA; Biodesign Center for Environmental Health Engineering, USA; Barrett The Honors College, USA.', 'firstname': 'Ayesha', 'initials': 'A', 'lastname': 'Babbrah'}, {'affiliation': 'Arizona State University, USA; Biodesign Center for Environmental Health Engineering, USA; Barrett The Honors College, USA.', 'firstname': 'Anumitha', 'initials': 'A', 'lastname': 'Aravindan'}, {'affiliation': 'Arizona State University, USA; Biodesign Center for Environmental Health Engineering, USA; Barrett The Honors College, USA.', 'firstname': 'Sharvaree', 'initials': 'S', 'lastname': 'Kulkarni'}, {'affiliation': 'Arizona State University, USA; Biodesign Center for Environmental Health Engineering, USA.', 'firstname': 'Alexandria', 'initials': 'A', 'lastname': 'Ellershaw'}, {'affiliation': 'Arizona State University, USA; Biodesign Center for Environmental Health Engineering, USA.', 'firstname': 'Aashika', 'initials': 'A', 'lastname': 'Dupati'}, {'affiliation': 'Arizona State University, USA; Biodesign Center for Environmental Health Engineering, USA; Barrett The Honors College, USA.', 'firstname': 'Raj', 'initials': 'R', 'lastname': 'Rathnam'}, {'affiliation': 'Arizona State University, USA; Biodesign Center for Environmental Health Engineering, USA.', 'firstname': 'Gray', 'initials': 'G', 'lastname': 'Shaffer'}, {'affiliation': 'Arizona State University, USA; Biodesign Center for Environmental Health Engineering, USA.', 'firstname': 'Lesley', 'initials': 'L', 'lastname': 'Estrada'}, {'affiliation': 'Arizona State University, USA; Biodesign Center for Environmental Health Engineering, USA.', 'firstname': 'Courtney', 'initials': 'C', 'lastname': 'Curtis'}, {'affiliation': 'Arizona State University, USA; Biodesign Center for Environmental Health Engineering, USA.', 'firstname': 'Justin', 'initials': 'J', 'lastname': 'Leneaux'}, {'affiliation': 'Arizona State University, USA; Biodesign Center for Environmental Health Engineering, USA; School of Sustainable Engineering and the Built Environment, USA.', 'firstname': 'Erin M', 'initials': 'EM', 'lastname': 'Driver'}, {'affiliation': 'Arizona State University, USA; Biodesign Center for Environmental Health Engineering, USA; Barrett The Honors College, USA; School of Sustainable Engineering and the Built Environment, USA. Electronic address: rolf.halden@asu.edu.', 'firstname': 'Rolf U', 'initials': 'RU', 'lastname': 'Halden'}]",,Copyright © 2025 Elsevier B.V. All rights reserved.,10.1016/j.scitotenv.2025.179032,The Science of the total environment,,,<Element 'PubmedArticle' at 0x7cfc7a89d440>
38685425,Literature review and meta-analysis of environmental toxins associated with increased risk of Parkinson's disease.,2024-04-30,"Case-control studies, Cohort studies, Environmental factors, Geographic distribution, Parkinson's disease","Parkinson's disease (PD) is a neurodegenerative disorder and leading cause of death worldwide, whose pathogenesis has been linked to toxic environmental exposures. We used the Preferred Reporting Items for Systematic Reviews and Meta-Analyses (PRISMA) guidelines (i) to compile, and group by exposure setting (non-specified general; residential; occupational), environmental factors reported to modulate the risk of developing PD and (ii) to map and geospatially analyze global regions of both research activity and paucity. Among the broader environmental settings, occupational exposures had the highest average odds ratio value at 3.82, followed by general (non-specified or mixed) exposures at 3.07, and residential exposures at 2.36. Occupational exposure to industrial toxins was the highest ranked subset of exposures with an odds ratio of 10.74. Among the studies meeting the inclusion criteria, 75 % were conducted in Europe or the Western United States. The number of individuals partaking per study ranged from a high of 55,585 (Taiwan) to a low of 233 (Faroe Islands), with a mean of n = 14,462. The top three environmental factors associated with high odds ratios for increased risk of developing PD were (i) exposure to dyes (25.33), (ii) methylene chloride (16.5) and specifically in adult men (iii) consumption of fatty whale meat (10.57), which is known to harbor a broad spectrum of so called persistent, bioaccumulative, toxic (PBT) pollutants. Geospatially, the highest odds ratio values were identified in European countries, whereas notable data gaps were revealed for South America, Australia, Africa, and the majority of Asia with the exception of Taiwan. Whereas occupational exposures to industrial chemicals, such as harmful dyes and methylene chloride, ranked highest in risk values, available data suggest notable opportunities for reducing PD cases globally by limiting harmful environmental exposures to a spectrum of toxic chemicals, particularly via the food intake route. Thus, current efforts in improving environmental quality globally by limiting toxic emission may deliver the added benefit of helping to reign in PD. Agents of concern in this respect include pesticides (e.g., paraquat, demeton, monocrotophos), particulate matter associated with air pollution, and a spectrum of organic and inorganic neurotoxins including heavy metals.","[{'affiliation': 'Biodesign Center for Environmental Health Engineering, Biodesign Institute, Arizona State University, Building B, 1001 S McAllister Ave, Tempe, AZ 85281-8101, USA; The College of Liberal Arts and Sciences, Arizona State University, Tempe, AZ, USA; Barrett, The Honors College, Arizona State University, Tempe, AZ, USA. Electronic address: aaravin5@asu.edu.', 'firstname': 'Anumitha', 'initials': 'A', 'lastname': 'Aravindan'}, {'affiliation': 'Biodesign Center for Environmental Health Engineering, Biodesign Institute, Arizona State University, Building B, 1001 S McAllister Ave, Tempe, AZ 85281-8101, USA; Ira A. Fulton School for Engineering of Matter, Transport & Energy, Arizona State University, Tempe, AZ 85281, USA. Electronic address: mengstro@asu.edu.', 'firstname': 'Melanie Engstrom', 'initials': 'ME', 'lastname': 'Newell'}, {'affiliation': 'Biodesign Center for Environmental Health Engineering, Biodesign Institute, Arizona State University, Building B, 1001 S McAllister Ave, Tempe, AZ 85281-8101, USA; Ira A. Fulton School for Engineering of Matter, Transport & Energy, Arizona State University, Tempe, AZ 85281, USA; School of Sustainable Engineering and the Built Environment, Arizona State University, Tempe, AZ, USA; OneWaterOneHealth, Arizona State University Foundation, 1001 S. McAllister Avenue, Tempe, AZ 85287-8101, USA; Global Futures Laboratory, Arizona State University, 800 S. Cady Mall, Tempe, AZ 85281, USA. Electronic address: rolf.halden@asu.edu.', 'firstname': 'Rolf U', 'initials': 'RU', 'lastname': 'Halden'}]",,Copyright © 2024 The Authors. Published by Elsevier B.V. All rights reserved.,10.1016/j.scitotenv.2024.172838,The Science of the total environment,,,<Element 'PubmedArticle' at 0x7cfc7a8a6070>
"37858688
30302391
32298450
33879872
16330147
12498954
19297138
21955814
18550243
28809934
19270050
36213096
30427279
21245015
30287051
36371460
34248501
33999109
15954133
28790893
25951420
35364040
27614945
24499252
27285422
30995030
35043999
25492627
15204759
24344990
28886605
25294559
23205266
30451941
18549826
27668667
33417973
26151951
26857251
37086879
31786292
22550057
30124852
31103844
21505849
33009291
26999434
27382275
33887274
31964412",Traffic-related air pollution and Parkinson's disease in central California.,2023-10-20,"Air pollution, Case-control study, Long-term exposure, Parkinson's disease","Prior studies suggested that air pollution exposure may increase the risk of Parkinson's Disease (PD). We investigated the long-term impacts of traffic-related and multiple sources of particulate air pollution on PD in central California.
Our case-control analysis included 761 PD patients and 910 population controls. We assessed exposure at residential and occupational locations from 1981 to 2016, estimating annual average carbon monoxide (CO) concentrations - a traffic pollution marker - based on the California Line Source Dispersion Model, version 4. Additionally, particulate matter (PM
Traffic-related CO was associated with an increased odds ratio for PD at residences (OR for T3 vs. T1: 1.58; 95% CI: 1.20, 2.10; p-trend = 0.02) and workplaces (OR for T3 vs. T1: 1.91; 95% CI: 1.22, 3.00; p-trend <0.01). PM
We found that long-term modeled exposure to local traffic-related air pollution (CO) and fine particulates from multiple sources (PM","[{'affiliation': 'Department of Epidemiology, Fielding School of Public Health, University of California, Los Angeles, United States.', 'firstname': 'Dayoon', 'initials': 'D', 'lastname': 'Kwon'}, {'affiliation': 'Department of Neurology, David Geffen School of Medicine, University of California, Los Angeles, United States.', 'firstname': 'Kimberly C', 'initials': 'KC', 'lastname': 'Paul'}, {'affiliation': 'Department of Epidemiology, Fielding School of Public Health, University of California, Los Angeles, United States; UCLA Center for Health Policy Research, University of California, Los Angeles, United States.', 'firstname': 'Yu', 'initials': 'Y', 'lastname': 'Yu'}, {'affiliation': 'Department of Epidemiology, Fielding School of Public Health, University of California, Los Angeles, United States.', 'firstname': 'Keren', 'initials': 'K', 'lastname': 'Zhang'}, {'affiliation': 'Department of Epidemiology, Fielding School of Public Health, University of California, Los Angeles, United States.', 'firstname': 'Aline D', 'initials': 'AD', 'lastname': 'Folle'}, {'affiliation': 'Department of Environmental and Occupational Health, Program in Public Health, University of California, Irvine, United States.', 'firstname': 'Jun', 'initials': 'J', 'lastname': 'Wu'}, {'affiliation': 'Department of Neurology, David Geffen School of Medicine, University of California, Los Angeles, United States.', 'firstname': 'Jeff M', 'initials': 'JM', 'lastname': 'Bronstein'}, {'affiliation': 'Department of Epidemiology, Fielding School of Public Health, University of California, Los Angeles, United States; Department of Neurology, David Geffen School of Medicine, University of California, Los Angeles, United States. Electronic address: britz@ucla.edu.', 'firstname': 'Beate', 'initials': 'B', 'lastname': 'Ritz'}]",We found that long-term modeled exposure to local traffic-related air pollution (CO) and fine particulates from multiple sources (PM,Copyright © 2023 The Authors. Published by Elsevier Inc. All rights reserved.,10.1016/j.envres.2023.117434,Environmental research,,"Traffic-related CO was associated with an increased odds ratio for PD at residences (OR for T3 vs. T1: 1.58; 95% CI: 1.20, 2.10; p-trend = 0.02) and workplaces (OR for T3 vs. T1: 1.91; 95% CI: 1.22, 3.00; p-trend <0.01). PM",<Element 'PubmedArticle' at 0x7cfc7a8b0950>
"34513276
22810179
29570866
31061208
24142589
30648026
23381141
30875176
28515272
23543372
20175185
17261678
23114997
26865518
24702698
29623949
28814455
32373650
32498070
26078912
29608779",Geospatial Analysis of Persons with Movement Disorders Living in Underserved Regions.,2021-09-14,"Movement Disorders, geography, spatial analysis, underserved","Movement disorders persons from underserved areas have increased barriers to access tertiary care. There is currently limited data on the geographic and demographic profile of movement disorders persons from underserved areas.
A retrospective chart review of the geographic and demographic profile of consecutive cases seen between 2002-2017 at the University of Florida Norman Fixel Institute for Neurological Diseases (UF-NFIND) was performed. Information collected included age, sex, diagnosis, zip code, treatment received, and insurance information. The distances between each person's home residence and the nearest movement disorders center of excellence (MDC) as well as the distance to the UF-NFIND were calculated using ArcGIS 10.3.
A total of 5.2% (355/6867) of the sample population were identified as a Medicaid/self-pay population and classified as underserved. The most common diagnoses were tic disorder (19.2%), dystonia (18.3%), and Parkinson's disease (14.3%). In underserved persons, the median distances from their homes to the UF-NFIND (82.19 [45.79-176.93] km) vs. their nearest MDC (63.34 [26.91-121.43] km) were significantly different (
Underserved persons in our study travelled further to receive subspecialty care at UF-NFIND than closer MDCs. Potential reasons for underutilization of closer care could possibly include research opportunities, availability of specific treatments or procedures, insurance restrictions, and limited specialist availability. Despite this observation, underserved persons were underrepresented at our institution compared to the proportion of Medicaid/uninsured patients in Florida. Our results highlight the need for increased awareness of care options for underserved movement disorders populations.","[{'affiliation': 'University of Pittsburgh Medical Center, Department of Neurology, Pittsburgh, Pennsylvania, US.', 'firstname': 'Alaina', 'initials': 'A', 'lastname': 'Giacobbe'}, {'affiliation': 'University of Florida, Department of Neurology, Gainesville, Florida, US.', 'firstname': 'Ka Loong Kelvin', 'initials': 'KLK', 'lastname': 'Au'}, {'affiliation': 'University of Florida, Department of Neurology, Gainesville, Florida, US.', 'firstname': 'Oliver T', 'initials': 'OT', 'lastname': 'Nguyen'}, {'affiliation': 'University of Florida, Department of Neurology, Gainesville, Florida, US.', 'firstname': 'Kathryn', 'initials': 'K', 'lastname': 'Moore'}, {'affiliation': 'University of Florida, Department of Neurology, Gainesville, Florida, US.', 'firstname': 'Emily', 'initials': 'E', 'lastname': 'Dinh'}, {'affiliation': 'University of Florida, Department of Neurology, Gainesville, Florida, US.', 'firstname': 'Adolfo', 'initials': 'A', 'lastname': 'Ramirez-Zamora'}, {'affiliation': 'University of Florida, Department of Neurology, Gainesville, Florida, US.', 'firstname': 'Michael S', 'initials': 'MS', 'lastname': 'Okun'}, {'affiliation': 'University of Florida, Department of Neurology, Gainesville, Florida, US.', 'firstname': 'Leonardo', 'initials': 'L', 'lastname': 'Almeida'}]",,Copyright: © 2021 The Author(s).,"10.5334/tohm.635
10.1212/01.CON.0000348899.02339.9d
10.1002/mds.27372
10.1212/WNL.0000000000007466
10.1007/s13311-013-0230-5
10.7759/cureus.3474
10.3390/toxins5020249
10.1212/WNL.0000000000004025
10.1007/s10900-013-9681-1
10.1002/mds.22838
10.1212/01.wnl.0000252807.38124.a3
10.1002/mds.25244
10.1212/WNL.0000000000002461
10.1016/j.apgeog.2014.08.005
10.1111/jrh.12070
10.1038/nrneurol.2018.31
10.1212/WNL.0000000000004357
10.1002/mdc3.12952
10.1159/000509000
10.1155/2015/639494
10.1111/jgs.15337","Tremor and other hyperkinetic movements (New York, N.Y.)",,"A total of 5.2% (355/6867) of the sample population were identified as a Medicaid/self-pay population and classified as underserved. The most common diagnoses were tic disorder (19.2%), dystonia (18.3%), and Parkinson's disease (14.3%). In underserved persons, the median distances from their homes to the UF-NFIND (82.19 [45.79-176.93] km) vs. their nearest MDC (63.34 [26.91-121.43] km) were significantly different (",<Element 'PubmedArticle' at 0x7cfc7a8d1b70>
33476876,Geospatial analysis of individual-based Parkinson's disease data supports a link with air pollution: A case-control study.,2021-01-22,"Air pollution, Environment, Epidemiology, Parkinson's disease, Prevalence, Spatial dependence","The etiology of Parkinson's disease (PD) remains unknown. To approach the issue of PD's risk factors from a new perspective, we hypothesized that coupling the geographic distribution of PD with spatial statistics may provide new insights into environmental epidemiology research. The aim of this case-control study was to examine the spatial dependence of PD prevalence in the Canton of Geneva, Switzerland (population = 474,211).
PD cases were identified through Geneva University Hospitals, private neurologists and nursing homes medical records (n = 1115). Controls derived from a population-based study (n = 12,614) and a comprehensive population census dataset (n = 237,771). All individuals were geographically localized based on their place of residence. Spatial Getis-Ord Gi* statistics were used to identify clusters of high versus low disease prevalence. Confounder-adjustment was performed for age, sex, nationality and income. Tukey's honestly significant difference was used to determine whether nitrogen dioxide and particulate matters PM
Confounder-adjustment greatly reduced greatly the spatial association. Characteristics of the geographic space influenced PD prevalence in 6% of patients. PD hotspots were concentrated in the urban centre. There was a significant difference in mean annual nitrogen dioxide and PM
PD prevalence exhibited a spatial dependence for a small but significant proportion of patients. A positive association was detected between PD clusters and air pollution. Our data emphasize the multifactorial nature of PD and support a link between PD and air pollution.","[{'affiliation': 'Division of Neurology, Geneva University Hospitals, 1211, Geneva 14, Switzerland; Faculty of Medicine, University of Geneva, CMU, 1211, Geneva 4, Switzerland. Electronic address: Vanessa.FleuryNissen@hcuge.ch.', 'firstname': 'Vanessa', 'initials': 'V', 'lastname': 'Fleury'}, {'affiliation': 'Unit of Population Epidemiology, Division of Primary Care Medicine, Department of Primary Care Medicine, Geneva University Hospitals, 1211, Geneva 14, Switzerland; Geographic Information Research and Analysis in Population Health (GIRAPH) Group, Geneva University Hospitals, Geneva and Ecole Polytechnique Fédérale de Lausanne (EPFL), 1015, Lausanne, Switzerland; Laboratory of Geographical Information Systems (LASIG), School of Architecture, Civil and Environmental Engineering (ENAC), Ecole Polytechnique Fédérale de Lausanne (EPFL), 1015, Lausanne, Switzerland.', 'firstname': 'Rebecca', 'initials': 'R', 'lastname': 'Himsl'}, {'affiliation': 'Geographic Information Research and Analysis in Population Health (GIRAPH) Group, Geneva University Hospitals, Geneva and Ecole Polytechnique Fédérale de Lausanne (EPFL), 1015, Lausanne, Switzerland; Laboratory of Geographical Information Systems (LASIG), School of Architecture, Civil and Environmental Engineering (ENAC), Ecole Polytechnique Fédérale de Lausanne (EPFL), 1015, Lausanne, Switzerland; La Source, School of Nursing, University of Applied Sciences and Arts Western Switzerland (HES-SO), Lausanne, Switzerland.', 'firstname': 'Stéphane', 'initials': 'S', 'lastname': 'Joost'}, {'affiliation': 'Division of Neurology, Geneva University Hospitals, 1211, Geneva 14, Switzerland; Department of Psychiatry, University of Cambridge, UK.', 'firstname': 'Nicolas', 'initials': 'N', 'lastname': 'Nicastro'}, {'affiliation': 'Division of Neurology, Geneva University Hospitals, 1211, Geneva 14, Switzerland.', 'firstname': 'Matthieu', 'initials': 'M', 'lastname': 'Bereau'}, {'affiliation': 'Faculty of Medicine, University of Geneva, CMU, 1211, Geneva 4, Switzerland; Unit of Population Epidemiology, Division of Primary Care Medicine, Department of Primary Care Medicine, Geneva University Hospitals, 1211, Geneva 14, Switzerland; Geographic Information Research and Analysis in Population Health (GIRAPH) Group, Geneva University Hospitals, Geneva and Ecole Polytechnique Fédérale de Lausanne (EPFL), 1015, Lausanne, Switzerland.', 'firstname': 'Idris', 'initials': 'I', 'lastname': 'Guessous'}, {'affiliation': 'Division of Neurology, Geneva University Hospitals, 1211, Geneva 14, Switzerland; Faculty of Medicine, University of Geneva, CMU, 1211, Geneva 4, Switzerland.', 'firstname': 'Pierre R', 'initials': 'PR', 'lastname': 'Burkhard'}]",PD prevalence exhibited a spatial dependence for a small but significant proportion of patients. A positive association was detected between PD clusters and air pollution. Our data emphasize the multifactorial nature of PD and support a link between PD and air pollution.,Copyright © 2021 The Authors. Published by Elsevier Ltd.. All rights reserved.,10.1016/j.parkreldis.2020.12.013,Parkinsonism & related disorders,,Confounder-adjustment greatly reduced greatly the spatial association. Characteristics of the geographic space influenced PD prevalence in 6% of patients. PD hotspots were concentrated in the urban centre. There was a significant difference in mean annual nitrogen dioxide and PM,<Element 'PubmedArticle' at 0x7cfc7a8e3ec0>
"33202965
27050202
29790571
28785371
17317439
31428316
16140637
32363462
25256239
19716187
18550243
17166971
17637925
18368620
19034792
17980520
15204759
17916926
18929619
18349428
18263666
18718418
16961926
8597067
17607006
19356678
16236481
16603924
30577116
25810496
20090375
19039239
15824349
33120941
32955466
32990925
19622551
5819891
5786072
1185229
6507036
8340788
7850219
7777374
9140215
9294536
11465017
12436403
15556803
15474351
16999635
17492755
18275928
21813139
22213411
22214351
23312632
23075770
24819667
26502029
25575031
26046557
25967369
26046560
27710839
27116717
27372639
27536986
28607738
28527214
28152620
28934989
29186816
28327632
29735167
30595828
30619037
31230725
30602169
31689936
19894307
24662349
26203659
25877452
4927601
3658080
11490162
21156437
21502600
28080218
29932357
6885956
27669512
29455071
21143594
30270719
18433841
25501708
29526408
26809141
29141802
30349849
20959505
27697291
17445792
27285422
31786292
27640071
28033496
30822651
31678904
28917207
29852480
24258882
27098242
11726533
32302812
32599638
32397275",Geospatial Analysis of Environmental Atmospheric Risk Factors in Neurodegenerative Diseases: A Systematic Review.,2020-11-19,"environment, epidemiology, geospatial, neurodegenerative, systematic review","Despite the vast evidence on the environmental influence in neurodegenerative diseases, those considering a geospatial approach are scarce. We conducted a systematic review to identify studies concerning environmental atmospheric risk factors for neurodegenerative diseases that have used geospatial analysis/tools. PubMed, Web of Science, and Scopus were searched for all scientific studies that included a neurodegenerative disease, an environmental atmospheric factor, and a geographical analysis. Of the 34 included papers, approximately 60% were related to multiple sclerosis (MS), hence being the most studied neurodegenerative disease in the context of this study. Sun exposure (","[{'affiliation': 'CINTESIS-Center for Health Technology and Services Research, Faculty of Medicine, University of Porto, Rua Doutor Plácido da Costa, s/n, 4200-450 Porto, Portugal.\nDepartment of Community Medicine, Information and Health Decision Sciences (MEDCIDS), Faculty of Medicine, University of Porto, Rua Doutor Plácido da Costa, s/n, 4200-450 Porto, Portugal.', 'firstname': 'Mariana', 'initials': 'M', 'lastname': 'Oliveira'}, {'affiliation': 'Faculty of Arts and Humanities, University of Porto, Via Panorâmica, s/n, 4150-564 Porto, Portugal.', 'firstname': 'André', 'initials': 'A', 'lastname': 'Padrão'}, {'affiliation': 'CINTESIS-Center for Health Technology and Services Research, Faculty of Medicine, University of Porto, Rua Doutor Plácido da Costa, s/n, 4200-450 Porto, Portugal.\nDepartment of Community Medicine, Information and Health Decision Sciences (MEDCIDS), Faculty of Medicine, University of Porto, Rua Doutor Plácido da Costa, s/n, 4200-450 Porto, Portugal.', 'firstname': 'André', 'initials': 'A', 'lastname': 'Ramalho'}, {'affiliation': 'CINTESIS-Center for Health Technology and Services Research, Faculty of Medicine, University of Porto, Rua Doutor Plácido da Costa, s/n, 4200-450 Porto, Portugal.\nDepartment of Community Medicine, Information and Health Decision Sciences (MEDCIDS), Faculty of Medicine, University of Porto, Rua Doutor Plácido da Costa, s/n, 4200-450 Porto, Portugal.', 'firstname': 'Mariana', 'initials': 'M', 'lastname': 'Lobo'}, {'affiliation': 'Department of Geosciences, Environment and Land Planning, Faculty of Sciences, University of Porto, Rua do Campo Alegre 687, 4169-007 Porto, Portugal.\nEarth Sciences Institute (ICT), Pole of the FCUP, University of Porto, 4169-007 Porto, Portugal.', 'firstname': 'Ana Cláudia', 'initials': 'AC', 'lastname': 'Teodoro'}, {'affiliation': 'CINTESIS-Center for Health Technology and Services Research, Faculty of Medicine, University of Porto, Rua Doutor Plácido da Costa, s/n, 4200-450 Porto, Portugal.\nDepartment of Community Medicine, Information and Health Decision Sciences (MEDCIDS), Faculty of Medicine, University of Porto, Rua Doutor Plácido da Costa, s/n, 4200-450 Porto, Portugal.', 'firstname': 'Hernâni', 'initials': 'H', 'lastname': 'Gonçalves'}, {'affiliation': 'CINTESIS-Center for Health Technology and Services Research, Faculty of Medicine, University of Porto, Rua Doutor Plácido da Costa, s/n, 4200-450 Porto, Portugal.\nDepartment of Community Medicine, Information and Health Decision Sciences (MEDCIDS), Faculty of Medicine, University of Porto, Rua Doutor Plácido da Costa, s/n, 4200-450 Porto, Portugal.', 'firstname': 'Alberto', 'initials': 'A', 'lastname': 'Freitas'}]",,,"10.3390/ijerph17228414
10.1016/j.neuro.2016.03.017
10.33588/rn.6611.2017519
10.1155/2017/2525967
10.1016/j.archger.2007.01.013
10.1186/s40035-019-0165-9
10.1289/ehp.7567
10.1007/s11356-020-09042-2
10.1017/S146342361400036X
10.1016/j.tins.2009.05.009
10.1016/j.bandc.2008.04.008
10.1378/chest.130.6.1631
10.1289/ehp.10021
10.1080/08958370701864797
10.1080/10590500802494538
10.1016/j.toxlet.2007.09.006
10.1080/08958370490439597
10.1007/s12011-007-0028-6
10.1016/j.tox.2008.09.014
10.1177/0192623307313011
10.1152/ajplung.00442.2007
10.1016/j.jacc.2008.05.029
10.1186/1743-8977-3-13
10.1016/0378-4274(95)03563-X
10.1513/pats.200701-023AW
10.1016/j.neuroscience.2009.01.047
10.1016/j.jchemneu.2005.09.006
10.1097/00001756-200604240-00014
10.1016/j.scitotenv.2018.11.218
10.1136/bmj.h1295
10.1159/000275491
10.1159/000177032
10.1212/01.WNL.0000156518.22559.7F
10.3390/rs9121225
10.3390/cells9112360
10.3233/jad-200891
10.1007/s12035-020-02152-5
10.1007/BF02246789
10.1159/000113777
10.1159/000113782
10.1136/jnnp.38.9.911
10.1111/j.1600-0404.1984.tb00824.x
10.1016/0022-510X(93)90204-C
10.1007/s004840050030
10.4065/72.9.871
10.1080/14660820050515061
10.1016/S1474-4422(04)00933-0
10.1016/j.nbd.2004.07.015
10.1016/B978-012455900-4/50307-X
10.1089/jwh.2006.15.810
10.1002/ana.21141
10.1016/S1474-4422(08)70042-5
10.1016/j.jns.2011.07.002
10.1001/archneurol.2011.2370
10.3109/17482968.2011.621436
10.1016/B978-0-444-52901-5.00007-1
10.1159/000341240
10.1159/000358298
10.1001/jamapsychiatry.2015.1852
10.1097/EDE.0000000000000230
10.1111/ane.12429
10.1159/000381779
10.1111/ane.12432
10.1016/j.coi.2016.09.002
10.1055/s-2007-1019126
10.3233/JAD-151143
10.1159/000447449
10.1177/2055217316666407
10.3233/JAD-170059
10.1080/21678421.2017.1281961
10.1186/s12942-017-0108-6
10.3390/healthcare5040089
10.1038/jes.2017.3
10.1016/j.neurol.2018.03.010
10.4103/ijpvm.IJPVM_317_16
10.3389/fneur.2018.01074
10.1016/j.neurol.2019.04.007
10.1159/000493386
10.15419/bmrat.v6i12.579
10.3390/ijerph16214278
10.3109/21678421.2015.1069849
10.1016/B978-0-12-809324-5.04559-4
10.1016/j.msard.2012.07.003
10.1016/0022-510X(71)90065-7
10.1159/000110106
10.1159/000054783
10.1017/S0317167100011124
10.1212/WNL.0b013e318216715e
10.1177/1352458516688954
10.1177/1352458518783343
10.1016/0021-9681(83)90142-X
10.1371/journal.pone.0163313
10.1016/j.msard.2018.02.005
10.1111/j.1600-0404.2010.01465.x
10.1177/1352458518803273
10.1016/j.scitotenv.2008.01.065
10.1159/000368553
10.1016/j.jneuroim.2018.02.019
10.1023/A:1018410807648
10.1016/j.jenvrad.2015.12.003
10.1016/j.msard.2017.09.004
10.1002/acn3.616
10.1093/aje/kwq303
10.1016/j.medcle.2016.12.024
10.1016/j.envres.2007.03.002
10.1289/EHP135
10.1016/j.neuint.2019.104615
10.1016/j.envres.2016.09.006
10.1016/j.envres.2016.12.008
10.1016/j.envint.2018.12.054
10.1016/j.envint.2019.105233
10.1016/j.envint.2017.08.020
10.1159/000489664
10.4081/gh.2013.53
10.1007/s10072-016-2581-2
10.1096/fj.01-0433rev
10.1016/j.scitotenv.2020.138605
10.1055/a-1182-2016
10.3390/brainsci10050284",International journal of environmental research and public health,,,<Element 'PubmedArticle' at 0x7cfc7a8fb790>
